ZN,INDUS,CHAS,NOX,RM,AGE,DIS,RAD,TAX,PTRATIO,B,LSTAT,MEDV
-0.5267617316201361,1.0332367854162956,-1.355422048194856,0.8817487678548941,-1.428068575799001,-2.4129959449059566,-2.174576004514291,-0.9191851873139485,-2.425989865304441,-7.834160375857331,-3.90296841080417,-1.5402485830391117,12.0
-0.5267617316201361,-0.41315955843833585,-1.355422048194856,-4.591895249152587,-0.6800865515280013,-2.471087690006669,-1.5008121515364128,-1.1500485454103448,-2.437010456694361,-7.587157865939539,-3.889242850397554,-1.8136039867700902,19.9
-0.42916977297158465,-0.7152182326569738,-1.355422048194856,-14.247364896384402,-0.40206304439330853,-2.507748384871558,-1.1869138326196527,-1.3571760846618748,-2.437181045618202,-8.588424809894796,-3.8996274211719193,-1.8313716671752251,19.4
-0.5267617316201361,1.0332367854162956,-1.355422048194856,0.8817487678548941,-0.3004503920395121,-2.4315892034114293,-2.209262220634741,-0.9191851873139485,-2.425989865304441,-7.834160375857331,-3.9040523059123955,-1.558824440556097,13.4
-0.5267617316201361,-0.41315955843833585,-1.355422048194856,-4.591895249152587,-0.8310942432204477,-2.453897665228491,-1.6457566852077747,-1.1500485454103448,-2.437010456694361,-7.587157865939539,-3.890849618026308,-1.74626139866605,18.2
-0.5267617316201361,-0.5235271509412998,-1.355422048194856,-8.531445461226603,0.1624516909055603,-2.514977297600337,-1.3476893275004966,-1.1165292952830517,-2.4381985729186098,-8.00146568320162,-3.8899166859136822,-1.92356573445438,24.6
-0.5267617316201361,-0.841560081969577,-1.355422048194856,-6.53185976055958,-0.3935953233638252,-2.496738183008396,-1.2678292510488927,-1.1165292952830517,-2.4429494294600738,-7.834160375857331,-3.8887932679370385,-1.8262633576706357,21.1
-0.4279785884051236,-1.4877913801777205,-1.355422048194856,-17.587526810516604,0.09470992266969605,-2.4954672110272833,-0.9487571581748927,-1.2568719365574899,-2.436676789049095,-8.516901769555671,-3.8887932679370385,-1.8974419629385635,24.7
-0.5267617316201361,1.0332367854162956,-1.355422048194856,7.547981657237534,-0.23129733696540025,-2.4087543008584507,-2.258755321335089,-0.9191851873139485,-2.425989865304441,-7.834160375857331,-3.9040523059123955,-1.5235107223983664,8.7
-0.5267617316201361,1.0332367854162956,-1.355422048194856,-0.23038767468164098,0.7566034498076196,-2.4087543008584507,-2.4979745624101657,-0.9191851873139485,-2.425989865304441,-7.834160375857331,-3.9040523059123955,-1.6031200496390134,27.5
-0.5267617316201361,-0.841560081969577,-1.355422048194856,-6.53185976055958,-0.008314016522347985,-2.492438996493939,-1.208374673560313,-1.1165292952830517,-2.4429494294600738,-7.834160375857331,-3.8913714162781146,-1.8640902292334676,20.7
-0.5267617316201361,-1.2380120918815392,-1.355422048194856,-9.006873724052015,-0.24258763167137762,-2.4637180623456274,-1.98226843327422,-1.1942540406316724,-2.44611596572183,-8.420446940280565,-3.8887932679370385,-1.788337667131786,36.2
-0.5267617316201361,-0.6948873603537962,-1.355422048194856,-7.513252169784283,1.1955136565024898,-2.439216048753751,-1.7913250211730212,-1.0495764398880727,-2.437010456694361,-8.49824947228686,-3.896825818792925,-1.8768939693285716,31.6
-0.5267617316201361,1.0332367854162956,-1.355422048194856,6.322466633885116,-0.1522652740235586,-2.4165737337640243,-2.1236086424369427,-0.9191851873139485,-2.425989865304441,-7.834160375857331,-3.9040523059123955,-1.6725405190517277,11.7
-0.5267617316201361,-1.2380120918815392,-1.355422048194856,-9.006873724052015,2.0325831624378425,-2.434250096358827,-1.9339739269693454,-1.1942540406316724,-2.44611596572183,-8.420446940280565,-3.8892638269672317,-1.8392078879984708,39.8
-0.5267617316201361,-0.41315955843833585,-1.355422048194856,-4.591895249152587,-1.0117389585160856,-2.430697405912794,-1.5090871641795205,-1.1500485454103448,-2.437010456694361,-7.587157865939539,-3.9040523059123955,-1.6507395562442826,13.9
-0.5267617316201361,-0.18806775793887026,-1.355422048194856,-1.052046008930928,-0.8593199799853917,-2.474233099326338,-2.060807437762887,-1.089891660373551,-2.433075245192271,-8.104953163354258,-3.8887932679370385,-1.7309989713768006,21.8
-0.4298023841520817,-0.8793174162469068,-1.355422048194856,-15.395099902337263,0.2330160328179186,-2.5119335754775363,-1.2414168287197045,-1.089891660373551,-2.437412533107678,-8.638924902732882,-3.8946002957289894,-1.8768939693285716,23.7
-0.4313391134552148,-0.7442623359472273,-1.355422048194856,-15.043075348848769,-1.020206679545569,-2.4441016065064436,-1.0516407456666041,-1.0680072739401691,-2.4357821454917827,-8.129855860663861,-3.896704462074332,-1.7211699439208976,17.6
-0.4313391134552148,-0.7442623359472273,-1.355422048194856,-15.043075348848769,0.24148375384740195,-2.5162524617798145,-1.105311187859484,-1.0680072739401691,-2.4357821454917827,-8.129855860663861,-3.889011531748479,-1.892783334779487,24.4
-0.5267617316201361,1.0332367854162956,-1.355422048194856,4.634046879879788,-0.506498270423599,-2.4087543008584507,-2.312988141771714,-0.9191851873139485,-2.425989865304441,-7.834160375857331,-3.9040523059123955,-1.591954136852253,8.8
-0.5267617316201361,-0.1415971926744644,-1.355422048194856,-3.8717658495572267,-0.41617591277578,-2.435278970642195,-1.9318771330571842,-1.089891660373551,-2.4315930256964626,-8.420446940280565,-3.8896295069448787,-1.768052244864575,19.2
-0.5267617316201361,-0.5917807936733958,-1.355422048194856,-13.116717494872631,-0.2073054607151991,-2.520480259594767,-1.3036830517685118,-1.1942540406316724,-2.442152461796356,-8.40017984075842,-3.8933478587070263,-1.8960002508492966,25.3
-0.5267617316201361,-0.5235271509412998,-1.355422048194856,-8.531445461226603,-0.38795017601083587,-2.4792716911049033,-1.4604006513825207,-1.1165292952830517,-2.4381985729186098,-8.00146568320162,-3.8887932679370385,-1.835118056465776,20.4
-0.4279785884051236,-0.992589419078896,-1.355422048194856,-15.27734494577642,0.2824110721565698,-2.5036163475309494,-1.0007814294693043,-1.1500485454103448,-2.4347695215849345,-8.40017984075842,-3.8903460623738857,-1.8768939693285716,23.1
-0.5267617316201361,-1.2380120918815392,-1.355422048194856,-9.006873724052015,1.1842233617965123,-2.420884539128643,-1.9473318460974172,-1.1942540406316724,-2.44611596572183,-8.420446940280565,-3.889764653026188,-1.9340877754155485,37.9
-0.5267617316201361,1.248163149764172,-1.355422048194856,12.32533279232556,-0.23129733696540025,-2.435278970642195,-2.341971635409072,-1.1165292952830517,-2.4326176710654965,-8.902313219406947,-3.9040523059123955,-1.6750785356684486,15.6
-0.4318922064343581,-1.111670242568936,-1.355422048194856,-13.682659648882627,2.0325831624378425,-2.4606690941602167,-1.4650747088352007,-1.1165292952830517,-2.4436999334761964,-8.878812122976777,-3.8920660415864394,-1.9817654297932674,45.4
-0.5267617316201361,2.12965168462337,-1.355422048194856,-1.3329520825904169,-0.991980942780625,-2.4156435718867106,-2.3359615200552892,-1.2568719365574899,-2.44669995386144,-8.129855860663861,-3.900431258863458,-1.5150347370470096,15.7
-0.5267617316201361,-1.12474008904955,-1.355422048194856,-11.823944833802836,0.02414558075733776,-2.5130034061705078,-1.3784431605446554,-1.1500485454103448,-2.4316602879614466,-8.588424809894796,-3.8958900423064122,-1.84575474984879,22.6
-0.5267617316201361,-0.41315955843833585,-1.355422048194856,-4.591895249152587,-0.344200284025174,-2.4087543008584507,-1.5640462400118706,-1.1500485454103448,-2.437010456694361,-7.587157865939539,-3.895427817765245,-1.710693627870648,14.5
-0.5267617316201361,-0.1415971926744644,-1.355422048194856,-3.8717658495572267,-0.3159745472602312,-2.415953875811294,-1.9997736105629813,-1.089891660373551,-2.4315930256964626,-8.420446940280565,-3.8887932679370385,-1.6417539993284196,18.7
-0.5267617316201361,1.248163149764172,-1.355422048194856,12.32533279232556,-1.5946004227121675,-2.418427285445412,-2.4600476038642727,-1.1165292952830517,-2.4326176710654965,-8.902313219406947,-3.9010434557626157,-1.504258605652914,17.8
-0.5267617316201361,1.0332367854162956,-1.355422048194856,-1.1219380261000491,0.15398396987607696,-2.4465135743637743,-2.132545024401132,-0.9191851873139485,-2.425989865304441,-7.834160375857331,-3.9040523059123955,-1.7305914871308554,16.1
-0.5267617316201361,-0.841560081969577,-1.355422048194856,-6.53185976055958,-0.3625470129223871,-2.4937473736362956,-1.4445103578743153,-1.1165292952830517,-2.4429494294600738,-7.834160375857331,-3.8890606877170053,-1.8125288041463907,20.6
-0.4279785884051236,-1.403563480635985,-1.355422048194856,-17.46201127973114,0.7057971236307208,-2.490224004897912,-1.018692228702432,-1.1165292952830517,-2.440313187876272,-8.85438006958144,-3.8901850559780184,-1.9725765744889443,31.6
-0.4279785884051236,-1.1697584491494433,-1.355422048194856,-18.737597511735203,0.40660431392232094,-2.5116826636769582,-1.2376738812478096,-1.3571760846618748,-2.439660553674882,-8.789064580795154,-3.8954369902374517,-1.9528712349342339,29.1
-0.5267617316201361,-0.41315955843833585,-1.355422048194856,-4.591895249152587,-0.5530707360857549,-2.417964746744941,-1.5195689876144425,-1.1500485454103448,-2.437010456694361,-7.587157865939539,-3.8896919276052437,-1.6540573426937832,15.6
-0.5267617316201361,-0.41315955843833585,-1.355422048194856,-4.591895249152587,-0.4599258047614418,-2.436596899565939,-1.5473070739051622,-1.1500485454103448,-2.437010456694361,-7.587157865939539,-3.892250424290976,-1.681082529060467,17.5
-0.4279785884051236,-1.2699606055008184,-1.355422048194856,-18.86768926033057,0.04108102281630319,-2.5105784432554215,-1.063424343501402,-1.1165292952830517,-2.434452281141464,-8.890677514911527,-3.8979447528248,-1.927968300154739,22.5
-0.4279785884051236,-1.105861421910885,-1.355422048194856,-19.129280385036136,-0.7464170329256179,-2.5002480780820977,-1.1903007970891442,-1.1500485454103448,-2.4354339235273827,-8.717381875391425,-3.8887932679370385,-1.7694395085513985,19.4
-0.5267617316201361,-0.05736929313272884,-1.355422048194856,-8.911144599654339,-1.2869398919742843,-2.4263534060340595,-1.6763829247930975,-1.1500485454103448,-2.4388411467475826,-8.24875185757309,-3.8893755547389675,-1.550783663171757,19.3
-0.5267617316201361,1.0332367854162956,-1.355422048194856,5.349981043269076,-1.107706463516894,-2.4311436052315862,-2.4158570720888592,-0.9191851873139485,-2.425989865304441,-7.834160375857331,-3.9040523059123955,-1.5137971895500528,8.5
-0.43011208275547813,0.5888620050754145,-1.355422048194856,-11.404790660423942,-0.09440251365542533,-2.442959407089934,-1.6883606364638488,-1.1500485454103448,-2.4393123902610236,-8.33736023962002,-3.8887932679370385,-1.76143677610533,20.6
-0.5267617316201361,1.248163149764172,-1.355422048194856,12.32533279232556,-0.263756934245086,-2.415022215724023,-2.339964116174441,-1.1165292952830517,-2.4326176710654965,-8.902313219406947,-3.9040523059123955,-1.673384224030389,17.0
-0.5267617316201361,1.0332367854162956,-1.355422048194856,7.547981657237534,0.12716951994938053,-2.413152183314283,-2.1900651680994336,-0.9191851873139485,-2.425989865304441,-7.834160375857331,-3.8925092937204298,-1.6066563470528161,17.1
-0.5267617316201361,-0.41315955843833585,-1.355422048194856,-4.591895249152587,-0.7097235751311918,-2.4087543008584507,-1.5805333763393894,-1.1500485454103448,-2.437010456694361,-7.587157865939539,-3.889619095905796,-1.6017702514709709,14.5
-0.5267617316201361,-0.6948873603537962,-1.355422048194856,-7.513252169784283,2.0325831624378425,-2.4346914503049186,-1.8851106716240407,-1.0495764398880727,-2.437010456694361,-8.49824947228686,-3.893785188908925,-1.942040666079945,50.0
-0.5267617316201361,1.0332367854162956,-1.355422048194856,6.322466633885116,0.16950812509679603,-2.427407029427282,-2.0862197696184466,-0.9191851873139485,-2.425989865304441,-7.834160375857331,-3.9040523059123955,-1.655330549223884,14.3
-0.5267617316201361,1.0332367854162956,-1.355422048194856,7.547981657237534,-0.09157993997893005,-2.414088315413395,-2.1335342756107174,-0.9191851873139485,-2.425989865304441,-7.834160375857331,-3.8916651397302924,-1.6518415927315442,12.6
-0.5267617316201361,-1.2786738364878945,-1.355422048194856,-12.035698375613674,0.16104040406731268,-2.468275376360265,-1.2577710750704907,-1.1942540406316724,-2.4431331874668127,-8.225708647241422,-3.889764653026188,-1.9184517967333448,28.7
-0.5267617316201361,-0.1415971926744644,-1.355422048194856,-3.8717658495572267,-0.19742645284746813,-2.4497434830786786,-1.9375571086510812,-1.089891660373551,-2.4315930256964626,-8.420446940280565,-3.8900476126204935,-1.7303879504765165,21.2
-0.5267617316201361,-0.5917807936733958,-1.355422048194856,-13.116717494872631,-0.8946021509415703,-2.4974719513269923,-1.396544628368332,-1.1942540406316724,-2.442152461796356,-8.40017984075842,-3.8887932679370385,-1.7701355752247971,19.3
-0.5267617316201361,-0.41315955843833585,-1.355422048194856,-4.591895249152587,-0.537546580865037,-2.5020495187000455,-1.5008121515364128,-1.1500485454103448,-2.437010456694361,-7.587157865939539,-3.892217552444421,-1.8696002852803888,23.1
-0.5267617316201361,1.0332367854162956,-1.355422048194856,-1.403738946007932,-0.5502481624092609,-2.451828975283907,-1.8807911760182114,-0.9191851873139485,-2.425989865304441,-7.834160375857331,-3.8978008563485314,-1.6262559157494176,19.1
-0.5267617316201361,1.0332367854162956,-1.355422048194856,8.802029178195095,0.11587922524340316,-2.427256708352798,-2.0103999611686425,-0.9191851873139485,-2.425989865304441,-7.834160375857331,-3.896086143559898,-1.8325192260125447,25.0
-0.5267617316201361,-1.2786738364878945,-1.355422048194856,-12.035698375613674,0.9626513281917064,-2.484155006520714,-1.2577710750704907,-1.1942540406316724,-2.4431331874668127,-8.225708647241422,-3.889587849761609,-2.0255309070074135,33.4
-0.5267617316201361,1.0332367854162956,-1.355422048194856,5.349981043269076,-0.8931908641033238,-2.4087543008584507,-2.522441110507613,-0.9191851873139485,-2.425989865304441,-7.834160375857331,-3.892831654935806,-1.5625022986460768,5.0
-0.5267617316201361,-1.2380120918815392,-1.355422048194856,-9.006873724052015,-0.22988605012715385,-2.454857242750997,-1.773883306365358,-1.1942540406316724,-2.44611596572183,-8.420446940280565,-3.8921319765377715,-1.7086029519962198,29.6
-0.4306594857477831,-0.8502733129566532,-1.355422048194856,-12.571527257827055,-0.8113362274849881,-2.458388554453097,-1.122837436966061,-1.0495764398880727,-2.438387718378787,-7.974604591778043,-3.889420873351556,-1.7086029519962198,18.7
-0.5267617316201361,-0.3521669415288032,-1.355422048194856,-6.097506767706618,-0.1706120029207717,-2.4737334928563315,-1.9219882828349633,-1.1165292952830517,-2.4333521894376164,-7.619592875615175,-3.8899821926050335,-1.7114574331379666,21.7
-0.5267617316201361,-0.5235271509412998,-1.355422048194856,-8.531445461226603,0.08483091480196632,-2.4738585262057637,-1.4930399246263215,-1.1165292952830517,-2.4381985729186098,-8.00146568320162,-3.8887932679370385,-1.8602641894642995,23.1
-0.4318922064343581,-1.0187291120401243,-1.355422048194856,2.879823546115238,-1.0667791452077262,-2.4629267658540726,-2.2252120576744177,-1.1165292952830517,-2.4397313901417736,-9.067828985742429,-3.890356321443277,-1.764612117782624,22.8
-0.5267617316201361,-0.41315955843833585,-1.355422048194856,-4.591895249152587,0.5053943925996233,-2.428307575895896,-1.5510893103841807,-1.1500485454103448,-2.437010456694361,-7.587157865939539,-3.8943438746663364,-1.731611228055839,21.0
-0.4318922064343581,-1.0187291120401243,-1.355422048194856,2.879823546115238,2.0325831624378425,-2.421954464285006,-2.096964223501509,-1.1165292952830517,-2.4397313901417736,-9.067828985742429,-3.892214263978023,-1.8924281726230587,48.8
-0.5267617316201361,1.0332367854162956,-1.355422048194856,0.8817487678548941,-0.18472487130324436,-2.4139324481556175,-2.14494733603384,-0.9191851873139485,-2.425989865304441,-7.834160375857331,-3.8945097836780516,-1.627713593716331,14.6
-0.5267617316201361,-0.41315955843833585,-1.355422048194856,-4.591895249152587,-0.7097235751311918,-2.423781310383393,-1.4673344969316113,-1.1500485454103448,-2.437010456694361,-7.587157865939539,-3.895381925355364,-1.67866696774992,16.6
-0.4352963176415789,-0.4523690978801783,-1.355422048194856,-5.755166284954201,-0.20307160020045742,-2.414866721014486,-1.2724342206229735,-1.1165292952830517,-2.4367869200526506,-8.841807252183553,-3.8887932679370385,-1.6117570692625671,27.1
-0.5267617316201361,2.4331625640065204,-1.355422048194856,0.5607752850780362,-0.4698048126291728,-2.4339555212817947,-2.1706153370045116,-1.1500485454103448,-2.425249338055776,-7.863081442963164,-3.8887932679370385,-1.7048379403516916,20.1
-0.5267617316201361,-0.3521669415288032,-1.355422048194856,-6.097506767706618,0.22313702495018886,-2.4133083599606606,-2.041557432247984,-1.1165292952830517,-2.4333521894376164,-7.619592875615175,-3.8893755547389675,-1.725743947991956,19.8
-0.5267617316201361,-0.7297402843021006,-1.355422048194856,-7.971407037698675,-0.6575059621160465,-2.4891007391246163,-1.6149730983972526,-1.1165292952830517,-2.4387098272377314,-8.104953163354258,-3.8887932679370385,-1.8056351563564903,21.0
-0.5267617316201361,1.248163149764172,-1.355422048194856,0.30035808523352564,0.8850305520881112,-2.4128396447741247,-2.2763469591697327,-1.1165292952830517,-2.4326176710654965,-8.902313219406947,-3.899301910221298,-1.943744870699216,41.3
-0.5267617316201361,1.0332367854162956,-1.355422048194856,-1.403738946007932,0.17091941193504365,-2.4462308933593535,-1.8844613034514262,-0.9191851873139485,-2.425989865304441,-7.834160375857331,-3.890023520589091,-1.6864992948174955,23.2
-0.5267617316201361,-0.1415971926744644,-1.355422048194856,-3.8717658495572267,-0.6264576516746084,-2.4489046289772745,-2.0251272519078385,-1.089891660373551,-2.4315930256964626,-8.420446940280565,-3.9040523059123955,-1.6691883957043752,20.4
-0.5267617316201361,-0.1415971926744644,-1.355422048194856,-3.8717658495572267,-0.08734607946418962,-2.4329223782766385,-2.109725411245506,-1.089891660373551,-2.4315930256964626,-8.420446940280565,-3.891591879637339,-1.764612117782624,18.5
-0.5267617316201361,-1.007111470724023,-1.355422048194856,-6.973488101790133,0.32474967730398524,-2.498200010949563,-1.814642511461094,-1.1165292952830517,-2.43764877633781,-8.638924902732882,-3.890846233111001,-1.9138138260086697,29.4
-0.42829479835211953,-1.0956959857592965,-1.355422048194856,-14.350064615227627,1.2166829590761967,-2.504959829460344,-1.2058159231303094,-1.1165292952830517,-2.432805766734069,-8.841807252183553,-3.8910050676705543,-2.0296275690052594,36.4
-0.4318922064343581,-0.5845197678508324,-1.355422048194856,-11.404790660423942,0.3134593825980079,-2.468275376360265,-1.618639300345278,-1.1942540406316724,-2.443040994636454,-8.24875185757309,-3.8894731132762965,-1.8342491729681545,24.4
-0.5267617316201361,1.248163149764172,-1.355422048194856,12.32533279232556,-1.9939945979361176,-2.412213827778397,-2.572738375064547,-1.1165292952830517,-2.4326176710654965,-8.902313219406947,-3.8887932679370385,-1.4946924950157205,11.8
-0.5267617316201361,1.0332367854162956,-1.355422048194856,4.0500776661960565,-1.9897607374213757,-2.4087543008584507,-2.6903731740273957,-0.9191851873139485,-2.425989865304441,-7.834160375857331,-3.8887932679370385,-1.4805784191564932,13.8
-0.5267617316201361,1.0332367854162956,-1.355422048194856,5.696912549839056,-1.123230618737613,-2.4087543008584507,-2.4580171462693534,-0.9191851873139485,-2.425989865304441,-7.834160375857331,-3.8887932679370385,-1.5441739142493456,12.3
-0.5267617316201361,1.0332367854162956,-1.355422048194856,8.802029178195095,-0.14662012667057053,-2.4128396447741247,-2.165346735003258,-0.9191851873139485,-2.425989865304441,-7.834160375857331,-3.8951209208793354,-1.6340591092416106,17.8
-0.4286824566098374,-0.6643910518990299,-1.355422048194856,-13.226896132592097,0.7199099920131922,-2.503713171791189,-1.435840504083335,-1.1500485454103448,-2.4404629855528834,-8.459994095353073,-3.8899959724404014,-1.9627732927930635,33.1
-0.5267617316201361,-0.6948873603537962,-1.355422048194856,-7.242018100157142,0.8963208467940885,-2.4265041199903754,-1.8952886599643592,-1.0495764398880727,-2.437010456694361,-8.49824947228686,-3.89059508984263,-1.7819837795532418,26.7
-0.5267617316201361,1.0332367854162956,-1.355422048194856,6.322466633885116,0.6112409054681601,-2.42027174949749,-2.0831736142566983,-0.9191851873139485,-2.425989865304441,-7.834160375857331,-3.9040523059123955,-1.636453079026832,13.4
-0.5267617316201361,1.583622542766602,-1.355422048194856,1.5088899304846375,-1.8302853246994448,-2.4087543008584507,-2.513832501833877,-1.1500485454103448,-2.4314269306267824,-7.5209078088751475,-3.8887932679370385,-1.4805784191564932,14.4
-0.5267617316201361,1.0332367854162956,-1.355422048194856,1.9364591635363992,0.5180959741438471,-2.4137765189427274,-2.5657604858306775,-0.9191851873139485,-2.425989865304441,-7.834160375857331,-3.895853736989655,-1.9832455789572188,50.0
-0.4352963176415789,-0.713766027492461,-1.355422048194856,-17.71349118240615,-0.6179899306451251,-2.5094474757577117,-1.2036481833253436,-1.1500485454103448,-2.4350492255873437,-8.178526016720888,-3.889036115686301,-1.8237426523486788,22.0
-0.5267617316201361,1.0332367854162956,-1.355422048194856,8.802029178195095,-0.09157993997893005,-2.4225644416289582,-2.0941968543265856,-0.9191851873139485,-2.425989865304441,-7.834160375857331,-3.9026758633885144,-1.6895105768333116,19.9
-0.5267617316201361,1.248163149764172,-1.355422048194856,0.30035808523352564,0.0043875650218770336,-2.414866721014486,-2.1748780618119326,-1.1165292952830517,-2.4326176710654965,-8.902313219406947,-3.9040523059123955,-1.7501467056234448,23.8
-0.5267617316201361,-0.18806775793887026,-1.355422048194856,-1.052046008930928,-1.0540775636635011,-2.4483439246510392,-2.0539162082307487,-1.089891660373551,-2.433075245192271,-8.104953163354258,-3.8891903707948066,-1.67372234817707,17.5
-0.5267617316201361,1.0332367854162956,-1.355422048194856,5.349981043269076,-0.6052883491009013,-2.4170379698158486,-2.323293814247099,-0.9191851873139485,-2.425989865304441,-7.834160375857331,-3.8887932679370385,-1.6532642058306066,12.7
-0.5267617316201361,1.0332367854162956,-1.355422048194856,5.349981043269076,-0.46415966527618346,-2.4087543008584507,-2.4262453283643786,-0.9191851873139485,-2.425989865304441,-7.834160375857331,-3.8887932679370385,-1.5201363287329948,5.6
-0.4279785884051236,-1.1697584491494433,-1.355422048194856,-18.737597511735203,0.683216534218766,-2.518422878979147,-1.2376738812478096,-1.3571760846618748,-2.439660553674882,-8.789064580795154,-3.890023520589091,-1.9255581743898071,31.1
-0.4313391134552148,-0.7442623359472273,-1.355422048194856,-15.043075348848769,0.5674910134824982,-2.512759074858605,-1.0635461460129176,-1.0680072739401691,-2.4357821454917827,-8.129855860663861,-3.8898959815709295,-1.8702556278629023,26.2
-0.5267617316201361,-0.3521669415288032,-1.355422048194856,-6.097506767706618,-0.12262825042036815,-2.422412043536149,-2.0008019882553905,-1.1165292952830517,-2.4333521894376164,-7.619592875615175,-3.8907547506210345,-1.6662020262271413,19.4
-0.5267617316201361,1.0332367854162956,-1.355422048194856,6.556763482175514,0.13422595414061625,-2.4087543008584507,-2.28524249027996,-0.9191851873139485,-2.425989865304441,-7.834160375857331,-3.9040523059123955,-1.6750785356684486,16.7
-0.5267617316201361,1.248163149764172,-1.355422048194856,12.32533279232556,-0.26234564740683836,-2.4087543008584507,-2.526338685969612,-1.1165292952830517,-2.4326176710654965,-8.902313219406947,-3.9040523059123955,-1.5095015771829356,13.8
-0.43011208275547813,0.5888620050754145,-1.355422048194856,-11.404790660423942,0.17797584612627937,-2.4747312970076014,-1.676169044220636,-1.1500485454103448,-2.4393123902610236,-8.33736023962002,-3.889455706011491,-1.8220742901248088,22.9
-0.5267617316201361,1.248163149764172,-1.355422048194856,12.32533279232556,-1.840164332567176,-2.427256708352798,-2.414302613603764,-1.1165292952830517,-2.4326176710654965,-8.902313219406947,-3.9040523059123955,-1.7287645625804928,15.3
-0.5267617316201361,-0.6948873603537962,-1.355422048194856,-7.242018100157142,0.7947081944402922,-2.442386603062482,-1.775934533060312,-1.0495764398880727,-2.437010456694361,-8.49824947228686,-3.8910387946997234,-1.7767121164791226,27.5
-0.4294019569537787,-1.2786738364878945,-1.355422048194856,-10.583562865010839,1.2985375956945324,-2.4895512909282074,-1.595991833451935,-1.0680072739401691,-2.4431331874668127,-8.293761316007464,-3.8899166859136822,-1.8583703019764986,36.1
-0.4306594857477831,-0.8894828523984956,-1.355422048194856,-15.631858893069762,-0.21012803439169314,-2.483096760246488,-1.3499621279680585,-1.1500485454103448,-2.438579935265618,-8.154378833486366,-3.890954432701942,-1.840682754431283,22.9
-0.4313391134552148,-0.7442623359472273,-1.355422048194856,-15.043075348848769,0.16527426458205435,-2.480236967243941,-1.0635461460129176,-1.0680072739401691,-2.4357821454917827,-8.129855860663861,-3.8960409721439415,-1.7866134980910888,24.5
-0.5267617316201361,1.248163149764172,-1.355422048194856,0.30035808523352564,-0.3032729657160062,-2.4196579422421185,-2.0989858698023363,-1.1165292952830517,-2.4326176710654965,-8.902313219406947,-3.9040523059123955,-1.7795759195109115,25.0
-0.5267617316201361,1.248163149764172,-1.355422048194856,0.30035808523352564,2.0325831624378425,-2.4182731689320724,-2.1485042843814455,-1.1165292952830517,-2.4326176710654965,-8.902313219406947,-3.8916884259188955,-2.004345285738674,50.0
-0.4279785884051236,-1.3817804031682948,-1.355422048194856,-18.478811571831343,0.9301917309120207,-2.5145139615464767,-1.0800023173816873,-1.1942540406316724,-2.4326550043480344,-8.570999910595635,-3.8887932679370385,-1.9450300503563125,34.9
-0.5267617316201361,-0.6948873603537962,-1.355422048194856,-7.513252169784283,1.5469240792260348,-2.443531076091831,-1.6748395835104744,-1.0495764398880727,-2.437010456694361,-8.49824947228686,-3.8956078424295875,-1.9168971473463983,31.7
-0.5267617316201361,0.26792466371811197,-1.355422048194856,-14.350064615227627,-0.0605316295374932,-2.5208218870944568,-1.5485856060917351,-1.1165292952830517,-2.432805766734069,-8.225708647241422,-3.889487034738081,-1.8631288786626352,24.1
-0.5267617316201361,-0.15757144948410381,-1.355422048194856,-4.109463837127526,-0.2736359421128157,-2.475723440710157,-1.967670461838244,-1.1500485454103448,-2.437181045618202,-8.293761316007464,-3.8887932679370385,-1.889954571399533,22.1
-0.5267617316201361,1.0332367854162956,-1.355422048194856,6.322466633885116,0.2951126537007948,-2.4295046118221486,-2.0404796486304346,-0.9191851873139485,-2.425989865304441,-7.834160375857331,-3.9040523059123955,-1.6262559157494176,14.1
-0.4313391134552148,-0.7442623359472273,-1.355422048194856,-15.043075348848769,2.0325831624378425,-2.519393401602158,-0.9705468216685088,-1.0680072739401691,-2.4357821454917827,-8.129855860663861,-3.8887932679370385,-1.9928155801205198,42.8
-0.5267617316201361,-0.1415971926744644,-1.355422048194856,-3.8717658495572267,-0.8254490958674595,-2.459732797275549,-1.928024839153892,-1.089891660373551,-2.4315930256964626,-8.420446940280565,-3.890663094848672,-1.7000115704449155,19.3
-0.4279785884051236,-1.1639496284913924,-1.355422048194856,-18.86768926033057,1.0896671436339516,-2.50997272093261,-1.1143921784979043,-1.3571760846618748,-2.438324332649679,-8.828992435448566,-3.889556584070964,-1.830799594865116,32.2
-0.42928276846854974,-0.7108616171634358,-1.355422048194856,-14.810447925101752,0.2527740485533793,-2.512016881360155,-1.3364714547270875,-1.0680072739401691,-2.4358328122252373,-8.717381875391425,-3.8932708036171384,-1.8082673169315184,26.4
-0.5267617316201361,1.0332367854162956,-1.355422048194856,-5.083892958497325,-0.7816992038817977,-2.490447407690228,-1.5798858754666618,-0.9191851873139485,-2.425989865304441,-7.834160375857331,-3.890178192915725,-1.7652969711768522,21.8
-0.5267617316201361,1.0332367854162956,-1.355422048194856,8.802029178195095,0.11164536472866149,-2.422716775488665,-2.0150768690035625,-0.9191851873139485,-2.425989865304441,-7.834160375857331,-3.8907174303097487,-1.706338393810307,21.7
-0.5267617316201361,1.0332367854162956,-1.355422048194856,5.349981043269076,-1.3645606680778783,-2.415022215724023,-2.364227154700334,-0.9191851873139485,-2.425989865304441,-7.834160375857331,-3.8887932679370385,-1.6032553422994402,8.3
-0.5267617316201361,-0.6948873603537962,-1.355422048194856,-7.513252169784283,1.9336166729057596,-2.5131654286946414,-1.748579236878981,-1.0495764398880727,-2.437010456694361,-8.49824947228686,-3.895188629660928,-1.9740066712604072,46.7
-0.4318922064343581,-1.0187291120401243,-1.355422048194856,2.879823546115238,1.6993430577567288,-2.425145346466894,-2.157860389059527,-1.1165292952830517,-2.4397313901417736,-9.067828985742429,-3.8917150246204875,-1.8481729858064868,43.1
-0.5267617316201361,-0.6948873603537962,-1.355422048194856,-7.242018100157142,1.4707145899606873,-2.450996782720939,-1.569582819189505,-1.0495764398880727,-2.437010456694361,-8.49824947228686,-3.8911465621094936,-1.9378261208080034,31.5
-0.5267617316201361,1.0332367854162956,-1.355422048194856,5.696912549839056,-2.1801080497299616,-2.4087543008584507,-2.4969501730283596,-0.9191851873139485,-2.425989865304441,-7.834160375857331,-3.8887932679370385,-1.504659006415034,10.5
-0.5267617316201361,1.0332367854162956,-1.355422048194856,0.8817487678548941,0.23724989333266028,-2.4187353291081988,-2.0903369197341823,-0.9191851873139485,-2.425989865304441,-7.834160375857331,-3.889036115686301,-1.6183560407409496,16.7
-0.5267617316201361,-0.7297402843021006,-1.355422048194856,-7.971407037698675,-0.6702075436602704,-2.464768592478702,-1.7478487433720868,-1.1165292952830517,-2.4387098272377314,-8.104953163354258,-3.89517325079768,-1.7434862582224362,20.0
-0.4279785884051236,-1.3745193773457314,-1.355422048194856,-18.350113382653085,1.3705132244451383,-2.4971581741324673,-1.114218168511165,-1.2568719365574899,-2.4358328122252373,-9.09877893530484,-3.8887932679370385,-1.9664659266783087,33.3
-0.5267617316201361,1.583622542766602,-1.355422048194856,1.5088899304846375,-0.23270862380364787,-2.412057219603481,-2.3823722022195324,-1.1500485454103448,-2.4314269306267824,-7.5209078088751475,-3.8887932679370385,-1.6214924891015008,17.8
-0.5267617316201361,1.0332367854162956,-1.355422048194856,1.9364591635363992,-1.8994383797735568,-2.4087543008584507,-2.5814615883715772,-0.9191851873139485,-2.425989865304441,-7.834160375857331,-3.8957961884498005,-2.0075789805880984,50.0
-0.4313391134552148,-0.7442623359472273,-1.355422048194856,-15.043075348848769,-0.12686211093510982,-2.440228539102814,-1.0424857180235287,-1.0680072739401691,-2.4357821454917827,-8.129855860663861,-3.8956078424295875,-1.7715326190993674,20.5
-0.4279785884051236,-0.8226814148309122,-1.355422048194856,-18.22187573206618,-0.1508539871853122,-2.5000454445393587,-1.1133795555125703,-1.089891660373551,-2.4378291779272736,-8.638924902732882,-3.8887932679370385,-1.8518391005001629,23.2
-0.5267617316201361,1.0332367854162956,-1.355422048194856,4.211263719420144,0.09047606215495438,-2.414711164115924,-2.5469993004203566,-0.9191851873139485,-2.425989865304441,-7.834160375857331,-3.8887932679370385,-1.5541391135025966,13.1
-0.4306594857477831,-0.8502733129566532,-1.355422048194856,-12.571527257827055,-0.5488368755710145,-2.4825054776203803,-1.1541288043395257,-1.0495764398880727,-2.438387718378787,-7.974604591778043,-3.8887932679370385,-1.7940749497191213,19.6
-0.5267617316201361,-0.1415971926744644,-1.355422048194856,-3.8717658495572267,0.5632571529677566,-2.4367429937584095,-1.9550657150563449,-1.089891660373551,-2.4315930256964626,-8.420446940280565,-3.88925333977292,-1.7712993217387643,22.8
-0.5267617316201361,-1.1000526012528344,-1.355422048194856,-8.911144599654339,1.0769655620897267,-2.462530031069393,-1.7383624438406369,-1.2568719365574899,-2.4393123902610236,-8.420446940280565,-3.889088755462373,-1.8999830154939865,28.7
-0.4318922064343581,-1.0187291120401243,-1.355422048194856,2.879823546115238,0.9852319176036612,-2.4323305276991416,-2.1607880603535023,-1.1165292952830517,-2.4397313901417736,-9.067828985742429,-3.8931227447854977,-1.6790108976461622,30.7
-0.4352963176415789,-0.4523690978801783,-1.355422048194856,-5.755166284954201,-0.428877494320005,-2.457848672315046,-1.3264538036651574,-1.1165292952830517,-2.4367869200526506,-8.841807252183553,-3.889249843556818,-1.7225547571090678,22.9
-0.5267617316201361,1.0332367854162956,-1.355422048194856,6.556763482175514,2.0325831624378425,-2.4348384324444705,-2.2632531366894644,-0.9191851873139485,-2.425989865304441,-7.834160375857331,-3.9016812034071253,-1.9153511915845587,21.9
-0.5267617316201361,0.13722619891197052,-1.355422048194856,-1.9056195551116604,0.9316030177502683,-2.422716775488665,-2.1462011385502637,-1.3571760846618748,-2.439108173570308,-7.587157865939539,-3.8887932679370385,-1.9021796428344584,23.9
-0.42916977297158465,-1.3745193773457314,-1.355422048194856,-13.783580098625185,1.3055940298857682,-2.4799962052748334,-1.1426423634738854,-1.3571760846618748,-2.438387718378787,-8.80262426157628,-3.8895496334844695,-1.9077482614550043,32.7
-0.5267617316201361,1.248163149764172,-1.355422048194856,0.30035808523352564,-0.35266800505465734,-2.4087543008584507,-2.3359103120506557,-1.1165292952830517,-2.4326176710654965,-8.902313219406947,-3.9018516549650517,-1.8745527665596378,24.3
-0.5267617316201361,1.248163149764172,-1.355422048194856,12.32533279232556,-0.2736359421128157,-2.4129959449059566,-2.409985140384432,-1.1165292952830517,-2.4326176710654965,-8.902313219406947,-3.8966124610910637,-1.6911167589014062,21.5
-0.5267617316201361,-1.007111470724023,-1.355422048194856,-6.973488101790133,-0.001257582331111028,-2.448484210579564,-1.7637595838478304,-1.1165292952830517,-2.43764877633781,-8.638924902732882,-3.889249843556818,-1.8792547641925716,24.6
-0.5267617316201361,1.0332367854162956,-1.355422048194856,5.349981043269076,-0.8028685064555048,-2.4104877619257987,-2.401515779102054,-0.9191851873139485,-2.425989865304441,-7.834160375857331,-3.890116382236138,-1.6012319177097887,8.5
-0.5267617316201361,-1.2380120918815392,-1.355422048194856,-9.006873724052015,-1.00468252432485,-2.42453975600455,-1.8566839835311728,-1.1942540406316724,-2.44611596572183,-8.420446940280565,-3.890832691075542,-1.6932714336804828,26.4
-0.5267617316201361,-0.15757144948410381,-1.355422048194856,-4.109463837127526,0.09329863583144841,-2.457036522175062,-1.708543728955546,-1.1500485454103448,-2.437181045618202,-8.293761316007464,-3.8893860165089613,-1.7666714202935614,23.1
-0.4352963176415789,-0.4523690978801783,-1.355422048194856,-5.755166284954201,0.0862422016402127,-2.4176560726143235,-1.2219064598450835,-1.1165292952830517,-2.4367869200526506,-8.841807252183553,-3.8903152722600685,-1.594182843854219,15.0
-0.5267617316201361,1.0332367854162956,-1.355422048194856,5.696912549839056,-2.1801080497299616,-2.422412043536149,-2.513771271291225,-0.9191851873139485,-2.425989865304441,-7.834160375857331,-3.9040523059123955,-1.4819097215855896,8.8
-0.5267617316201361,-0.3521669415288032,-1.355422048194856,-6.097506767706618,-0.2524666395391086,-2.4281576493277828,-1.9426457176646212,-1.1165292952830517,-2.4333521894376164,-7.619592875615175,-3.889643384953764,-1.7031586659146938,19.3
-0.4306594857477831,-0.8894828523984956,-1.355422048194856,-15.631858893069762,0.4277736164960281,-2.452658479565711,-1.3499621279680585,-1.1500485454103448,-2.438579935265618,-8.154378833486366,-3.8892393534543697,-1.849389808794661,23.9
-0.5267617316201361,-0.7297402843021006,-1.355422048194856,-7.971407037698675,-0.49379668887937395,-2.501153842940072,-1.63425157493328,-1.1165292952830517,-2.4387098272377314,-8.104953163354258,-3.8900028609177024,-1.77199976433934,24.7
-0.5267617316201361,-0.15757144948410381,-1.355422048194856,-4.109463837127526,-0.7534734671168536,-2.4508578235582923,-1.5939245276754175,-1.1500485454103448,-2.437181045618202,-8.293761316007464,-3.8887932679370385,-1.65982796990668,19.8
-0.5267617316201361,1.248163149764172,-1.355422048194856,0.30035808523352564,-0.6194012174833727,-2.440228539102814,-2.0441644631646256,-1.1165292952830517,-2.4326176710654965,-8.902313219406947,-3.9040523059123955,-1.7283600710550355,23.8
-0.5267617316201361,1.0332367854162956,-1.355422048194856,-1.1219380261000491,-0.21718446858292884,-2.4128396447741247,-2.1302409768504242,-0.9191851873139485,-2.425989865304441,-7.834160375857331,-3.9040523059123955,-1.5494051766345234,13.3
-0.4279785884051236,-1.2699606055008184,-1.355422048194856,-18.86768926033057,1.023336662236335,-2.5183562288980483,-1.063424343501402,-1.1165292952830517,-2.434452281141464,-8.890677514911527,-3.8969733194265967,-1.9374082186284185,29.0
-0.5267617316201361,0.4262150266499943,-1.355422048194856,-14.350064615227627,0.3289835378187269,-2.477934800053443,-1.2711207665217787,-1.1500485454103448,-2.438074142511842,-8.73224714287488,-3.890202209443184,-1.844253653504048,27.1
-0.4279785884051236,-1.3745193773457314,-1.355422048194856,-18.350113382653085,1.3521664955479253,-2.492658145369703,-1.114218168511165,-1.2568719365574899,-2.4358328122252373,-9.09877893530484,-3.890424660296798,-1.8682941325970448,34.6
-0.5267617316201361,1.0332367854162956,-1.355422048194856,4.211263719420144,0.6747488131892827,-2.4106449833395076,-2.564923701932138,-0.9191851873139485,-2.425989865304441,-7.834160375857331,-3.8887932679370385,-1.5839539304334849,13.3
-0.5267617316201361,1.248163149764172,-1.355422048194856,12.32533279232556,-0.9708116402069178,-2.4087543008584507,-2.4676253530242582,-1.1165292952830517,-2.4326176710654965,-8.902313219406947,-3.9040523059123955,-1.6485470149017836,15.6
-0.5267617316201361,1.0332367854162956,-1.355422048194856,5.349981043269076,0.12575823311113415,-2.415022215724023,-2.378031552794169,-0.9191851873139485,-2.425989865304441,-7.834160375857331,-3.8887932679370385,-1.6087144167877307,12.5
-0.5267617316201361,1.248163149764172,-1.355422048194856,12.32533279232556,-1.9615350006564318,-2.415488326326043,-2.500812071288241,-1.1165292952830517,-2.4326176710654965,-8.902313219406947,-3.890591687091964,-1.492367090952103,14.6
-0.5267617316201361,1.0332367854162956,-1.355422048194856,4.634046879879788,-0.17343457659726697,-2.441812667542,-2.248701360166601,-0.9191851873139485,-2.425989865304441,-7.834160375857331,-3.9040523059123955,-1.5804048234493626,11.0
-0.4279785884051236,-0.8226814148309122,-1.355422048194856,-18.22187573206618,0.3515641272306817,-2.508110528836475,-1.1133795555125703,-1.089891660373551,-2.4378291779272736,-8.638924902732882,-3.8969320740543054,-1.7868591913734824,24.8
-0.5267617316201361,2.12965168462337,-1.355422048194856,-1.3329520825904169,-0.6490382410865632,-2.413464474806584,-2.2445980061826045,-1.2568719365574899,-2.44669995386144,-8.129855860663861,-3.8973455320478974,-1.5347208030098087,17.3
-0.5267617316201361,2.4331625640065204,-1.355422048194856,0.5607752850780362,-1.7258500986691545,-2.4119005499343995,-2.303039318786878,-1.1500485454103448,-2.425249338055776,-7.863081442963164,-3.9040523059123955,-1.4909218341654682,8.1
-0.5267617316201361,-1.175567269807494,-1.355422048194856,-13.448406726333815,-0.2157731817446812,-2.4537602796300235,-1.7178458677338742,-1.2568719365574899,-2.4389073499686025,-8.379578828010125,-3.8905508355007234,-1.7449773820060808,21.4
-0.5267617316201361,1.248163149764172,-1.355422048194856,12.32533279232556,-1.1966175343264653,-2.4087543008584507,-2.5308734960131654,-1.1165292952830517,-2.4326176710654965,-8.902313219406947,-3.8887932679370385,-1.523828836285168,15.6
-0.4298023841520817,-0.8793174162469068,-1.355422048194856,-15.395099902337263,0.40942688759881496,-2.4883083100995043,-1.2414168287197045,-1.089891660373551,-2.437412533107678,-8.638924902732882,-3.89321614289322,-1.8448531489944053,23.3
-0.4286824566098374,-0.6643910518990299,-1.355422048194856,-13.226896132592097,0.7594260234841137,-2.4876251026848832,-1.5454333425224633,-1.1500485454103448,-2.4404629855528834,-8.459994095353073,-3.8887932679370385,-2.023218504584811,32.0
-0.5267617316201361,-1.175567269807494,-1.355422048194856,-13.448406726333815,2.0325831624378425,-2.4448131629123226,-1.7178458677338742,-1.2568719365574899,-2.4389073499686025,-8.379578828010125,-3.8887932679370385,-1.960490790259585,38.7
-0.4279785884051236,-1.3019091191200973,-1.355422048194856,-17.587526810516604,0.5816038818649697,-2.49503992868726,-0.8658294921761819,-1.1165292952830517,-2.446819595273506,-8.570999910595635,-3.89299683519345,-1.9476187428342748,30.1
-0.5267617316201361,2.12965168462337,-1.355422048194856,-1.3329520825904169,-0.5008531230706097,-2.419811489312933,-2.1805492771757264,-1.2568719365574899,-2.44669995386144,-8.129855860663861,-3.895009891229358,-1.6291779987728843,20.5
-0.5267617316201361,-1.2380120918815392,-1.355422048194856,-9.006873724052015,0.3487415535541864,-2.4156435718867106,-1.899905170307675,-1.1942540406316724,-2.44611596572183,-8.420446940280565,-3.8887932679370385,-1.9007133026878775,32.5
-0.4279785884051236,-1.3004569139555846,-1.355422048194856,-16.964399395563564,1.8263588731989753,-2.514201355668331,-1.2313733701866643,-1.2568719365574899,-2.4349084537957504,-8.902313219406947,-3.8893267043471167,-2.015841279819105,42.3
-0.4313391134552148,-0.7442623359472273,-1.355422048194856,-15.043075348848769,-0.29339395784827643,-2.496316350434174,-1.0424857180235287,-1.0680072739401691,-2.4357821454917827,-8.129855860663861,-3.8911095443922465,-1.7955902285404335,24.3
-0.5267617316201361,1.0332367854162956,-1.355422048194856,-1.1920524774086636,-0.6278689385128549,-2.488648537848098,-1.6624880008400271,-0.9191851873139485,-2.425989865304441,-7.834160375857331,-3.897222824639213,-1.7050250956186774,20.6
-0.42928276846854974,-0.7108616171634358,-1.355422048194856,-14.810447925101752,0.3868462981868602,-2.490335758673291,-1.3364714547270875,-1.0680072739401691,-2.4358328122252373,-8.717381875391425,-3.889197371227299,-1.7871050895705431,22.0
-0.4279785884051236,-1.3178833759297368,-1.355422048194856,-17.212319088073567,-0.9214166008682666,-2.509005572695295,-0.8658294921761819,-1.1500485454103448,-2.4355817978022296,-7.236859911540724,-3.893530335171091,-1.8251403331016223,18.2
-0.5267617316201361,1.0332367854162956,-1.355422048194856,-0.23038767468164098,-0.7887556380730334,-2.4087543008584507,-2.530126672703883,-0.9191851873139485,-2.425989865304441,-7.834160375857331,-3.9040523059123955,-1.772467645668391,15.0
-0.5267617316201361,1.0332367854162956,-1.355422048194856,5.349981043269076,-0.6546833884395512,-2.44224322512248,-2.4771487460629564,-0.9191851873139485,-2.425989865304441,-7.834160375857331,-3.9040523059123955,-1.488145139729457,6.3
-0.4279785884051236,-1.339666453397427,-1.355422048194856,-20.87644198893539,-0.1212169635821205,-2.4998423232506735,-0.956289289006171,-1.3571760846618748,-2.4414824367609986,-8.33736023962002,-3.9040523059123955,-1.7127987053720892,20.1
-0.5267617316201361,2.12965168462337,-1.355422048194856,-1.3329520825904169,-0.4655709521144311,-2.4266547685784547,-2.2222999371006513,-1.2568719365574899,-2.44669995386144,-8.129855860663861,-3.892815428460937,-1.67866696774992,21.4
-0.4294019569537787,-1.2786738364878945,-1.355422048194856,-10.583562865010839,0.4235397559812864,-2.4690464296268875,-1.7499115336193551,-1.0680072739401691,-2.4431331874668127,-8.293761316007464,-3.890026963027693,-1.8014723956967087,28.4
-0.5267617316201361,-0.6948873603537962,-1.355422048194856,-7.242018100157142,0.42636232965778165,-2.437909271377853,-1.775934533060312,-1.0495764398880727,-2.437010456694361,-8.49824947228686,-3.8887932679370385,-1.8380334197499306,30.1
-0.5267617316201361,1.0332367854162956,-1.355422048194856,0.8817487678548941,-0.942585903441975,-2.4278575986432056,-2.241439473361311,-0.9191851873139485,-2.425989865304441,-7.834160375857331,-3.9040523059123955,-1.6911167589014062,20.8
-0.5267617316201361,0.42185841115645634,-1.355422048194856,-3.636376620171407,0.08059705428722465,-2.420578271682507,-1.7516652590336759,-1.1165292952830517,-2.4389073499686025,-8.671147202368289,-3.8898959815709295,-1.7634741814904542,23.0
-0.5267617316201361,1.583622542766602,-1.355422048194856,1.5088899304846375,-0.958110058662694,-2.4170379698158486,-2.228224738017677,-1.1500485454103448,-2.4314269306267824,-7.5209078088751475,-3.8887932679370385,-1.623216397068079,14.3
-0.5267617316201361,1.0332367854162956,-1.355422048194856,-1.1219380261000491,-1.0597227110164893,-2.4523822776841984,-2.190767472661412,-0.9191851873139485,-2.425989865304441,-7.834160375857331,-3.9040523059123955,-1.6406866692676603,11.7
-0.4279785884051236,-0.8764130059178814,-1.355422048194856,-17.46201127973114,1.1743443539287812,-2.5036163475309494,-1.3939308246705946,-1.1500485454103448,-2.4411599924438026,-8.104953163354258,-3.8887932679370385,-1.9917918579047804,37.3
-0.42916977297158465,-0.7152182326569738,-1.355422048194856,-14.247364896384402,-0.8607312668236381,-2.50293492304067,-1.1869138326196527,-1.3571760846618748,-2.437181045618202,-8.588424809894796,-3.8897992468535376,-1.7225547571090678,17.1
-0.5267617316201361,1.0332367854162956,-1.355422048194856,4.211263719420144,0.920312723044291,-2.4213434619309226,-2.5279515309576386,-0.9191851873139485,-2.425989865304441,-7.834160375857331,-3.8887932679370385,-1.6399264954784267,10.4
-0.5267617316201361,1.0332367854162956,-1.355422048194856,-5.083892958497325,-0.10428152152315506,-2.460401975279656,-1.735867539496497,-0.9191851873139485,-2.425989865304441,-7.834160375857331,-3.8887932679370385,-1.7580717031544075,23.0
-0.5267617316201361,1.0332367854162956,-1.355422048194856,8.802029178195095,-0.26657950792158003,-2.434102842698805,-1.939998449398847,-0.9191851873139485,-2.425989865304441,-7.834160375857331,-3.889309246279659,-1.742002485869006,22.7
-0.5267617316201361,0.4262150266499943,-1.355422048194856,-14.350064615227627,-0.7421831724108763,-2.469174644100389,-1.2251855480477565,-1.1500485454103448,-2.438074142511842,-8.73224714287488,-3.8887932679370385,-1.6614499864535823,20.3
-0.5267617316201361,0.4262150266499943,-1.355422048194856,-14.350064615227627,-0.4331113548347454,-2.488194696524249,-1.334859411928199,-1.1500485454103448,-2.438074142511842,-8.73224714287488,-3.8887932679370385,-1.7657544163886194,21.7
-0.5267617316201361,1.0332367854162956,-1.355422048194856,1.9364591635363992,0.9880544912801552,-2.4126832829571674,-2.6701382493342516,-0.9191851873139485,-2.425989865304441,-7.834160375857331,-3.890475851766229,-2.0243721475547227,50.0
-0.5267617316201361,1.0332367854162956,-1.355422048194856,7.547981657237534,-0.537546580865037,-2.427407029427282,-2.3040295650840346,-0.9191851873139485,-2.425989865304441,-7.834160375857331,-3.9040523059123955,-1.4805784191564932,8.4
-0.5267617316201361,-0.1415971926744644,-1.355422048194856,-3.8717658495572267,-0.5685948913064739,-2.419811489312933,-2.0716311462286607,-1.089891660373551,-2.4315930256964626,-8.420446940280565,-3.8894765940042157,-1.6554900642654238,18.8
-0.5267617316201361,-1.2380120918815392,-1.355422048194856,-9.006873724052015,0.9372481651032577,-2.4686612809928907,-1.9055932312169597,-1.1942540406316724,-2.44611596572183,-8.420446940280565,-3.8887932679370385,-1.9251585313355188,37.2
-0.5267617316201361,-0.15757144948410381,-1.355422048194856,-4.109463837127526,-1.8952045192588152,-2.4932041220027616,-2.0099695183617974,-1.1500485454103448,-2.437181045618202,-8.293761316007464,-3.9027260615376616,-1.7184190888508877,16.1
-0.5267617316201361,-1.320787786258762,-1.355422048194856,-6.270384161959436,0.3162819562745019,-2.4669835973226544,-1.2317590596797567,-1.3571760846618748,-2.4319341873854334,-8.746844780262924,-3.891183551213803,-1.8087966092207823,16.5
-0.5267617316201361,-0.841560081969577,-1.355422048194856,-6.53185976055958,0.00015370450713536057,-2.4928768616522836,-1.208374673560313,-1.1165292952830517,-2.4429494294600738,-7.834160375857331,-3.8912675110227557,-1.9007133026878775,22.2
-0.5267617316201361,1.0332367854162956,-1.355422048194856,-1.1920524774086636,-0.5798851860124513,-2.4752280795954085,-1.8089885340528333,-0.9191851873139485,-2.425989865304441,-7.834160375857331,-3.891764856708683,-1.7426374931095927,20.6
-0.5267617316201361,1.0332367854162956,-1.355422048194856,6.322466633885116,-0.5361352940267894,-2.4386359518964005,-1.9215356741790799,-0.9191851873139485,-2.425989865304441,-7.834160375857331,-3.9040523059123955,-1.6440533754737012,13.5
-0.5267617316201361,-0.6948873603537962,-1.355422048194856,-7.242018100157142,2.0325831624378425,-2.452658479565711,-1.6795029095578422,-1.0495764398880727,-2.437010456694361,-8.49824947228686,-3.89474347800673,-1.9725765744889443,48.3
-0.5267617316201361,-0.15757144948410381,-1.355422048194856,-4.109463837127526,0.3543867009071757,-2.428307575895896,-1.6914331803466136,-1.1500485454103448,-2.437181045618202,-8.293761316007464,-3.889218366704867,-1.7925674455558886,23.8
-0.5267617316201361,1.248163149764172,-1.355422048194856,0.30035808523352564,-0.6518608147630572,-2.4214963084660512,-2.0456203270874744,-1.1165292952830517,-2.4326176710654965,-8.902313219406947,-3.889420873351556,-1.7386381997066513,22.7
-0.5267617316201361,1.583622542766602,-1.355422048194856,1.5088899304846375,-0.527667572997306,-2.4188892561760618,-2.234187387505277,-1.1500485454103448,-2.4314269306267824,-7.5209078088751475,-3.894960451585302,-1.644669386966464,17.4
-0.4279785884051236,-1.3745193773457314,-1.355422048194856,-18.350113382653085,1.116481593560648,-2.4945033065040927,-1.114218168511165,-1.2568719365574899,-2.4358328122252373,-9.09877893530484,-3.901743286539863,-1.8098580836800042,30.3
-0.4318922064343581,-1.0187291120401243,-1.355422048194856,2.879823546115238,1.4354324190045087,-2.4087543008584507,-2.2680586339690407,-1.1165292952830517,-2.4397313901417736,-9.067828985742429,-3.8933735143628057,-1.8325192260125447,36.0
-0.5267617316201361,-0.6948873603537962,-1.355422048194856,-7.242018100157142,2.0325831624378425,-2.4486244233169634,-1.636254486785035,-1.0495764398880727,-2.437010456694361,-8.49824947228686,-3.8925256290575683,-2.0543649769213617,41.7
-0.5267617316201361,-0.1415971926744644,-1.355422048194856,-3.8717658495572267,-0.5474255887327668,-2.4269558694709428,-2.0303982873100037,-1.089891660373551,-2.4315930256964626,-8.420446940280565,-3.9040523059123955,-1.6627536874469944,18.3
-0.5267617316201361,2.12965168462337,-1.355422048194856,-1.3329520825904169,-0.6292802253511025,-2.4536228184551017,-2.10924356736998,-1.2568719365574899,-2.44669995386144,-8.129855860663861,-3.8914550457903987,-1.686323071506102,22.0
-0.4279785884051236,-1.3498318895490158,-1.355422048194856,-17.46201127973114,-0.6095222096156417,-2.5119335754775363,-0.8658294921761819,-1.1500485454103448,-2.432324012804344,-8.315735199207444,-3.8903802509094425,-1.8325192260125447,18.6
-0.5267617316201361,-0.6948873603537962,-1.355422048194856,-7.513252169784283,2.0325831624378425,-2.4415252765678956,-1.8851106716240407,-1.0495764398880727,-2.437010456694361,-8.49824947228686,-3.892805689802233,-1.9636917232993119,44.8
-0.5267617316201361,1.0332367854162956,-1.355422048194856,3.5576607875590835,-2.1801080497299616,-2.4087543008584507,-2.68755196030393,-0.9191851873139485,-2.425989865304441,-7.834160375857331,-3.8973717769019482,-1.5582350936104308,11.9
-0.5267617316201361,-0.841560081969577,-1.355422048194856,-6.53185976055958,-0.4909741152028799,-2.468532729999931,-1.4445103578743153,-1.1165292952830517,-2.4429494294600738,-7.834160375857331,-3.8887932679370385,-1.7923169447479175,18.7
-0.5267617316201361,1.583622542766602,-1.355422048194856,1.5088899304846375,-0.8790779957208524,-2.415022215724023,-2.320165313565118,-1.1500485454103448,-2.4314269306267824,-7.5209078088751475,-3.8904553816218153,-1.6402303452700424,16.2
-0.4279785884051236,-1.2685084003363056,-1.355422048194856,-20.33007218405519,0.1935000013469984,-2.499434624770697,-1.1143921784979043,-1.3571760846618748,-2.437412533107678,-8.828992435448566,-3.889556584070964,-1.8201399267760576,22.0
-0.5267617316201361,1.0332367854162956,-1.355422048194856,4.634046879879788,0.16668555142030198,-2.4087543008584507,-2.297070095298965,-0.9191851873139485,-2.425989865304441,-7.834160375857331,-3.9040523059123955,-1.497034099515295,7.2
-0.5267617316201361,-0.3521669415288032,-1.355422048194856,-6.097506767706618,-0.26657950792158003,-2.431440737556924,-2.165261317069374,-1.1165292952830517,-2.4333521894376164,-7.619592875615175,-3.891940507727,-1.691295740995175,20.4
-0.5267617316201361,1.0332367854162956,-1.355422048194856,4.0500776661960565,-2.1801080497299616,-2.4087543008584507,-2.7176596948292038,-0.9191851873139485,-2.425989865304441,-7.834160375857331,-3.8887932679370385,-1.4805784191564932,13.8
-0.5267617316201361,1.0332367854162956,-1.355422048194856,6.322466633885116,0.1426936751700996,-2.411430172341909,-2.1389116134873714,-0.9191851873139485,-2.425989865304441,-7.834160375857331,-3.9040523059123955,-1.609541364510106,13.0
-0.5267617316201361,1.583622542766602,-1.355422048194856,1.5088899304846375,-0.6970219935869667,-2.415953875811294,-2.0279052084932974,-1.1500485454103448,-2.4314269306267824,-7.5209078088751475,-3.8916085396447238,-1.6749086881448763,18.4
-0.5267617316201361,1.0332367854162956,-1.355422048194856,1.9364591635363992,-2.1801080497299616,-2.4087543008584507,-2.471142075557923,-0.9191851873139485,-2.425989865304441,-7.834160375857331,-3.9040523059123955,-1.705212365275379,23.1
-0.5267617316201361,-0.5917807936733958,-1.355422048194856,-13.116717494872631,-0.34843414453991567,-2.490781724636399,-1.3036830517685118,-1.1942540406316724,-2.442152461796356,-8.40017984075842,-3.8913747642866565,-1.7858776440838495,21.2
-0.5267617316201361,-0.18806775793887026,-1.355422048194856,-1.052046008930928,-0.9115375930005369,-2.502542690105703,-1.9152888995512516,-1.089891660373551,-2.433075245192271,-8.104953163354258,-3.890051053379592,-1.6340591092416106,23.1
-0.4279785884051236,-1.105861421910885,-1.355422048194856,-19.129280385036136,-0.0365397532872908,-2.51251320027487,-1.1903007970891442,-1.1500485454103448,-2.4354339235273827,-8.717381875391425,-3.8887932679370385,-1.940347037640601,23.5
-0.4279785884051236,-1.4195377374456244,-1.355422048194856,-18.737597511735203,2.0325831624378425,-2.5063698506260663,-1.2811935732213582,-1.3571760846618748,-2.4455545652245925,-9.015997002625765,-3.889277806500728,-2.0130582395393954,50.0
-0.5267617316201361,-0.9432144434854648,-1.355422048194856,-13.006921164962145,0.4432977717167471,-2.471594592036904,-1.5122914670022567,-1.1942540406316724,-2.441001762208243,-8.271434804427177,-3.8903905028117403,-1.8712414956679977,26.6
-0.4298023841520817,-0.8793174162469068,-1.355422048194856,-15.395099902337263,0.059427751713516275,-2.4755997340463094,-1.1429002295527975,-1.089891660373551,-2.437412533107678,-8.638924902732882,-3.8966273141544367,-1.747550924130154,22.2
-0.5267617316201361,-1.2380120918815392,-1.355422048194856,-9.006873724052015,2.0325831624378425,-2.4747312970076014,-1.7958844964061147,-1.1942540406316724,-2.44611596572183,-8.420446940280565,-3.8902776136005013,-1.9497949576822144,50.0
-0.5267617316201361,1.0332367854162956,-1.355422048194856,4.634046879879788,-0.5925867675566763,-2.415953875811294,-2.260930534043884,-0.9191851873139485,-2.425989865304441,-7.834160375857331,-3.9040523059123955,-1.5460975241965,8.3
-0.5267617316201361,1.248163149764172,-1.355422048194856,12.32533279232556,0.27394335112708645,-2.4087543008584507,-2.331516539030489,-1.1165292952830517,-2.4326176710654965,-8.902313219406947,-3.899057262652295,-1.844253653504048,23.3
-0.4352963176415789,-0.4523690978801783,-1.355422048194856,-5.755166284954201,-0.602465775424406,-2.491889240484422,-1.342485663458115,-1.1165292952830517,-2.4367869200526506,-8.841807252183553,-3.8910016936647795,-1.6635712721137978,21.7
-0.5267617316201361,-0.7297402843021006,-1.355422048194856,-7.971407037698675,-0.5403691545415311,-2.4556767705147973,-1.7524517838011187,-1.1165292952830517,-2.4387098272377314,-8.104953163354258,-3.8887932679370385,-1.7827099789000702,18.9
-0.5267617316201361,-0.41315955843833585,-1.355422048194856,-4.591895249152587,0.2527740485533793,-2.4175016411713677,-1.5090682469463708,-1.1500485454103448,-2.437010456694361,-7.587157865939539,-3.891857735454626,-1.7153053847055684,18.4
-0.5267617316201361,1.248163149764172,-1.355422048194856,0.30035808523352564,-0.6222237911598668,-2.4171925897318878,-2.0441644631646256,-1.1165292952830517,-2.4326176710654965,-8.902313219406947,-3.9040523059123955,-1.6852678364065594,17.4
-0.5267617316201361,1.248163149764172,-1.355422048194856,12.32533279232556,-1.288351178812532,-2.4087543008584507,-2.588611467248937,-1.1165292952830517,-2.4326176710654965,-8.902313219406947,-3.8887932679370385,-1.5196121605370623,13.4
-0.5267617316201361,1.0332367854162956,-1.355422048194856,5.349981043269076,0.1243469462728865,-2.4087543008584507,-2.3984539137643366,-0.9191851873139485,-2.425989865304441,-7.834160375857331,-3.8956169755682315,-1.5960299008391734,12.1
-0.4286824566098374,-1.4137289167875737,-1.355422048194856,-15.27734494577642,0.8793854047351232,-2.496738183008396,-0.9796972771946967,-1.3571760846618748,-2.43553228194622,-7.974604591778043,-3.8912205117192493,-1.8931389482251,26.6
-0.5267617316201361,-0.6948873603537962,-1.355422048194856,-7.242018100157142,-0.2143618949064348,-2.4222595812528644,-1.838920302769691,-1.0495764398880727,-2.437010456694361,-8.49824947228686,-3.8893755547389675,-1.5811620783918214,21.7
-0.5267617316201361,-1.175567269807494,-1.355422048194856,-13.448406726333815,0.4362413375255114,-2.4694308199169885,-1.7178458677338742,-1.2568719365574899,-2.4389073499686025,-8.379578828010125,-3.900781265740417,-1.8673184547580577,28.4
-0.4316039245210929,-0.7762108495665064,-1.355422048194856,-14.122281573125736,-0.28351494998054544,-2.46266235627626,-1.1671159237728594,-1.1500485454103448,-2.441320203514376,-8.605551633687268,-3.8898165347416502,-1.78883214545737,20.5
-0.4298023841520817,-0.8793174162469068,-1.355422048194856,-15.395099902337263,0.8201113575287422,-2.4738585262057637,-1.2232061849029614,-1.089891660373551,-2.437412533107678,-8.638924902732882,-3.8907479672495935,-1.7441244065531163,22.0
-0.5267617316201361,1.0332367854162956,-1.355422048194856,4.211263719420144,0.4701122216434435,-2.4191969205802444,-2.573386847637865,-0.9191851873139485,-2.425989865304441,-7.834160375857331,-3.899415340581423,-1.559414851416972,13.9
-0.5267617316201361,1.0332367854162956,-1.355422048194856,5.696912549839056,-1.1006500293256583,-2.4087543008584507,-2.430972581305763,-0.9191851873139485,-2.425989865304441,-7.834160375857331,-3.8887932679370385,-1.5551874822846685,11.3
-0.5267617316201361,-1.007111470724023,-1.355422048194856,-6.973488101790133,0.767893744513597,-2.4470780675698416,-1.8786705808682724,-1.1165292952830517,-2.43764877633781,-8.638924902732882,-3.8907411829272727,-1.8586850760522302,29.9
-0.5267617316201361,-0.5917807936733958,-1.355422048194856,-13.116717494872631,0.6408779290713505,-2.522392588535437,-1.3036830517685118,-1.1942540406316724,-2.442152461796356,-8.40017984075842,-3.8926886635236735,-1.9332639159877603,26.6
-0.5267617316201361,1.0332367854162956,-1.355422048194856,7.547981657237534,-0.7026671409399561,-2.420578271682507,-2.2817033112119702,-0.9191851873139485,-2.425989865304441,-7.834160375857331,-3.8906800812228046,-1.5730511732476111,10.5
-0.5267617316201361,1.0332367854162956,-1.355422048194856,5.696912549839056,-0.3738373076283645,-2.4354256804687044,-2.146075680311352,-0.9191851873139485,-2.425989865304441,-7.834160375857331,-3.894920239631436,-1.6172231275407662,23.2
-0.5267617316201361,-0.05736929313272884,-1.355422048194856,-8.911144599654339,0.014266572889606768,-2.4760940248237846,-1.5282033280903482,-1.1500485454103448,-2.4388411467475826,-8.24875185757309,-3.8895044311288576,-1.7529843810869221,24.4
-0.4318922064343581,-1.111670242568936,-1.355422048194856,-13.682659648882627,1.875753912537625,-2.4795135663062946,-1.3788655134236867,-1.1165292952830517,-2.4436999334761964,-8.878812122976777,-3.8953237230338047,-2.02149752843304,46.0
-0.4279785884051236,-1.0666518824690427,-1.355422048194856,-19.925461812889754,-0.29339395784827643,-2.499332398159998,-0.946277569482363,-1.3571760846618748,-2.4365677262430294,-8.671147202368289,-3.890188487149952,-1.8699277669386125,21.9
-0.5267617316201361,1.0332367854162956,-1.355422048194856,4.634046879879788,0.6578133711303172,-2.4230212503378943,-2.304574637521327,-0.9191851873139485,-2.425989865304441,-7.834160375857331,-3.9040523059123955,-1.5305806873524248,7.5
-0.5267617316201361,-1.2786738364878945,-1.355422048194856,-12.035698375613674,1.172933067090535,-2.473983471798769,-1.2577710750704907,-1.1942540406316724,-2.4431331874668127,-8.225708647241422,-3.8887932679370385,-1.9138138260086697,36.2
-0.4279785884051236,-1.0506776256594033,-1.355422048194856,-19.658150179767976,1.6061981264324157,-2.497053349683918,-1.2232061849029614,-1.1942540406316724,-2.441239847818821,-8.746844780262924,-3.892384955404727,-2.015841279819105,44.0
-0.5267617316201361,1.0332367854162956,-1.355422048194856,6.322466633885116,1.5201096292993383,-2.409858265475872,-2.034225084132311,-0.9191851873139485,-2.425989865304441,-7.834160375857331,-3.8956899688037145,-1.64714555709686,17.8
-0.5267617316201361,-0.3521669415288032,-1.355422048194856,-6.097506767706618,0.5801925950267233,-2.439216048753751,-1.9219882828349633,-1.1165292952830517,-2.4333521894376164,-7.619592875615175,-3.889542681932249,-1.7890796962436328,27.5
-0.5267617316201361,-0.6948873603537962,-1.355422048194856,-7.513252169784283,2.0325831624378425,-2.4295046118221486,-1.7913250211730212,-1.0495764398880727,-2.437010456694361,-8.49824947228686,-3.892042942286429,-2.0147245226907593,37.6
-0.5267617316201361,1.0332367854162956,-1.355422048194856,-1.1219380261000491,0.7297889998809232,-2.4176560726143235,-2.1799849158571587,-0.9191851873139485,-2.425989865304441,-7.834160375857331,-3.9040523059123955,-1.6043397430277242,14.1
-0.5267617316201361,-0.05736929313272884,-1.355422048194856,-8.911144599654339,0.08341962796371867,-2.499024997132915,-1.6125244591426033,-1.1500485454103448,-2.4388411467475826,-8.24875185757309,-3.892558282326524,-1.7900719856277405,28.1
-0.5267617316201361,1.0332367854162956,-1.355422048194856,-1.1219380261000491,-0.6758526910132596,-2.4669835973226544,-2.220167130860573,-0.9191851873139485,-2.425989865304441,-7.834160375857331,-3.9040523059123955,-1.6638989062796468,10.2
-0.5267617316201361,1.248163149764172,-1.355422048194856,0.30035808523352564,-0.6151673569686311,-2.4129959449059566,-2.058150572254087,-1.1165292952830517,-2.4326176710654965,-8.902313219406947,-3.903302645710174,-1.7305914871308554,19.1
-0.5267617316201361,-1.175567269807494,-1.355422048194856,-13.448406726333815,2.0325831624378425,-2.4941799983709387,-1.7178458677338742,-1.2568719365574899,-2.4389073499686025,-8.379578828010125,-3.889968408928075,-1.9912814712873206,43.8
-0.4279785884051236,-0.8764130059178814,-1.355422048194856,-17.46201127973114,0.4432977717167471,-2.5076574851495494,-1.3939308246705946,-1.1500485454103448,-2.4411599924438026,-8.104953163354258,-3.8887932679370385,-1.9390836728711793,27.9
-0.5267617316201361,-0.05736929313272884,-1.355422048194856,-8.911144599654339,-0.18895873181798475,-2.488080981027018,-1.6125244591426033,-1.1500485454103448,-2.4388411467475826,-8.24875185757309,-3.8899339329242477,-1.787844017317809,25.0
-0.4306594857477831,-0.8502733129566532,-1.355422048194856,-12.571527257827055,-0.49379668887937395,-2.4190431200137326,-1.1666907467898355,-1.0495764398880727,-2.438387718378787,-7.974604591778043,-3.8950129793031296,-1.6850923135469482,16.0
-0.5267617316201361,-0.5917807936733958,-1.355422048194856,-13.116717494872631,-0.4034743312315549,-2.430994938855513,-1.3080918923486746,-1.1942540406316724,-2.442152461796356,-8.40017984075842,-3.890239925999589,-1.6166581772445454,16.6
-0.5267617316201361,-0.41315955843833585,-1.355422048194856,-4.591895249152587,-0.5163772782913287,-2.4361582055572635,-1.6028533506782872,-1.1500485454103448,-2.437010456694361,-7.587157865939539,-3.9040523059123955,-1.510417423009254,13.2
-0.4318922064343581,-1.0187291120401243,-1.355422048194856,-1.76107840670459,2.0325831624378425,-2.4573075483996263,-2.045769783400883,-1.1165292952830517,-2.4397313901417736,-9.067828985742429,-3.892970964258118,-1.842760375026002,50.0
-0.5267617316201361,-0.5235271509412998,-1.355422048194856,-8.531445461226603,-0.32867612880445496,-2.486593469340756,-1.3476893275004966,-1.1165292952830517,-2.4381985729186098,-8.00146568320162,-3.8887932679370385,-1.7154990620652373,22.2
-0.4279785884051236,-1.3817804031682948,-1.355422048194856,-18.478811571831343,1.1559976250315682,-2.5155844331444457,-1.0800023173816873,-1.1942540406316724,-2.4326550043480344,-8.570999910595635,-3.893048532800166,-1.9497949576822144,32.9
-0.5267617316201361,1.0332367854162956,-1.355422048194856,6.322466633885116,0.47857994267292686,-2.4115870262657007,-2.070938746763899,-0.9191851873139485,-2.425989865304441,-7.834160375857331,-3.901489053922088,-1.6321272584937105,15.2
-0.5267617316201361,-0.41315955843833585,-1.355422048194856,-4.591895249152587,-0.3794824549813538,-2.426051782195192,-1.5093142104698603,-1.1500485454103448,-2.437010456694361,-7.587157865939539,-3.9040523059123955,-1.638865318825245,14.8
-0.5267617316201361,1.0332367854162956,-1.355422048194856,5.349981043269076,-0.17343457659726697,-2.42027174949749,-2.318705465809714,-0.9191851873139485,-2.425989865304441,-7.834160375857331,-3.8887932679370385,-1.6725405190517277,13.8
-0.5267617316201361,-0.6948873603537962,-1.355422048194856,-7.513252169784283,-0.47262738630566686,-2.4558130910900373,-1.6748395835104744,-1.0495764398880727,-2.437010456694361,-8.49824947228686,-3.894929522675959,-1.7384291730909749,24.3
-0.4318922064343581,-1.0187291120401243,-1.355422048194856,2.879823546115238,1.2519651300323766,-2.436450736767808,-2.1696707539114968,-1.1165292952830517,-2.4397313901417736,-9.067828985742429,-3.890219356922886,-1.7848993521646552,33.8
-0.4279785884051236,-0.8226814148309122,-1.355422048194856,-18.22187573206618,-0.001257582331111028,-2.4843891065152652,-1.1133795555125703,-1.089891660373551,-2.4378291779272736,-8.638924902732882,-3.8887932679370385,-1.8380334197499306,22.3
-0.5267617316201361,1.248163149764172,-1.355422048194856,0.30035808523352564,2.0325831624378425,-2.4115870262657007,-2.2008338413936164,-1.1165292952830517,-2.4326176710654965,-8.902313219406947,-3.8913010536213464,-2.0928179707609065,50.0
-0.5267617316201361,1.0332367854162956,-1.355422048194856,4.634046879879788,0.09047606215495438,-2.4156435718867106,-2.233589407756703,-0.9191851873139485,-2.425989865304441,-7.834160375857331,-3.9040523059123955,-1.5496345228263877,9.5
-0.5267617316201361,1.583622542766602,-1.355422048194856,1.5088899304846375,-0.6476269542483155,-2.4115870262657007,-2.3824259106265715,-1.1500485454103448,-2.4314269306267824,-7.5209078088751475,-3.8904792626219122,-1.5829359231535103,13.3
-0.4306594857477831,-0.8502733129566532,-1.355422048194856,-12.571527257827055,0.19773386186174008,-2.456221593088895,-1.122827050521008,-1.0495764398880727,-2.438387718378787,-7.974604591778043,-3.8887932679370385,-1.8647329426949764,22.2
-0.5267617316201361,1.583622542766602,-1.355422048194856,1.5088899304846375,0.026968154433831788,-2.4115870262657007,-2.1702717394229136,-1.1500485454103448,-2.4314269306267824,-7.5209078088751475,-3.8895739563127054,-1.643745820894798,18.1
-0.5267617316201361,1.583622542766602,-1.355422048194856,1.5088899304846375,0.1624516909055603,-2.4106449833395076,-2.308050567499765,-1.1500485454103448,-2.4314269306267824,-7.5209078088751475,-3.8887932679370385,-1.6688551600300634,18.0
-0.5267617316201361,1.0332367854162956,-1.355422048194856,-5.083892958497325,1.051562399001278,-2.443388265444282,-1.739367806293157,-0.9191851873139485,-2.425989865304441,-7.834160375857331,-3.8893616023247435,-1.8558645546038133,25.0
-0.4352963176415789,-0.4523690978801783,-1.355422048194856,-5.755166284954201,-0.9665777796921762,-2.4087543008584507,-1.2551942471854936,-1.1165292952830517,-2.4367869200526506,-8.841807252183553,-3.892289839755664,-1.4885267741393662,16.5
-0.5267617316201361,-0.5235271509412998,-1.355422048194856,-8.531445461226603,-0.005491442845852701,-2.502444310971442,-1.3476893275004966,-1.1165292952830517,-2.4381985729186098,-8.00146568320162,-3.8887932679370385,-1.8840365579856682,23.0
-0.5267617316201361,1.0332367854162956,-1.355422048194856,-1.403738946007932,-0.8508522589559083,-2.4708337245040055,-1.907275492458534,-0.9191851873139485,-2.425989865304441,-7.834160375857331,-3.8887932679370385,-1.6795275088546064,20.1
-0.43273932349922584,-1.394850249648909,-1.355422048194856,-16.828793629495728,1.1122477330459064,-2.4672426189782994,-0.946080912656059,-1.1942540406316724,-2.4436999334761964,-8.24875185757309,-3.890068253576996,-1.8251403331016223,33.0
-0.4279785884051236,-1.2699606055008184,-1.355422048194856,-18.86768926033057,0.7834178997343161,-2.482268295552118,-1.063424343501402,-1.1165292952830517,-2.434452281141464,-8.890677514911527,-3.8908800715822474,-1.8868059695330561,24.8
-0.5267617316201361,-0.41315955843833585,-1.355422048194856,-4.591895249152587,-0.3103293999072419,-2.432478591225256,-1.5077075350564957,-1.1500485454103448,-2.437010456694361,-7.587157865939539,-3.8944096881037327,-1.768976367895327,18.2
-0.5267617316201361,1.248163149764172,-1.355422048194856,12.32533279232556,-1.4732297546229105,-2.418118989351709,-2.346672076375713,-1.1165292952830517,-2.4326176710654965,-8.902313219406947,-3.9040523059123955,-1.6566089490551412,13.1
-0.4279785884051236,-1.166854038820418,-1.355422048194856,-15.395099902337263,0.9993447859861326,-2.5141227461307283,-1.3499022165238743,-1.1942540406316724,-2.440614591913518,-8.315735199207444,-3.889242850397554,-2.088328388585756,34.9
-0.5267617316201361,1.0332367854162956,-1.355422048194856,4.211263719420144,-0.1310959714498515,-2.4087543008584507,-2.5469993004203566,-0.9191851873139485,-2.425989865304441,-7.834160375857331,-3.8898959815709295,-1.57714367677222,10.2
-0.5267617316201361,1.0332367854162956,-1.355422048194856,3.334460187416015,-0.7859330643965381,-2.4813157684089813,-1.8335295831203404,-0.9191851873139485,-2.425989865304441,-7.834160375857331,-3.9040523059123955,-1.6905804350635436,19.9
-0.5267617316201361,1.0332367854162956,-1.355422048194856,3.5576607875590835,-0.9990373769718619,-2.4087543008584507,-2.6128476312697493,-0.9191851873139485,-2.425989865304441,-7.834160375857331,-3.9040523059123955,-1.7285622493360515,27.9
-0.5267617316201361,0.42185841115645634,-1.355422048194856,-3.636376620171407,-0.6038770622626537,-2.4717211026402546,-1.8203937182083398,-1.1165292952830517,-2.4389073499686025,-8.671147202368289,-3.890219356922886,-1.7018588919873332,23.3
-0.4318922064343581,-1.111670242568936,-1.355422048194856,-13.682659648882627,0.7001519762777327,-2.4991275841190985,-1.579384979018012,-1.1165292952830517,-2.4436999334761964,-8.878812122976777,-3.8887932679370385,-1.932852912926423,35.1
-0.5267617316201361,1.0332367854162956,-1.355422048194856,7.547981657237534,-0.9722229270451654,-2.4182731689320724,-2.305715338102763,-0.9191851873139485,-2.425989865304441,-7.834160375857331,-3.8887932679370385,-1.5636975929393497,12.8
-0.5267617316201361,0.13722619891197052,-1.355422048194856,-1.9056195551116604,0.6747488131892827,-2.4252965817688104,-2.0580747795387553,-1.3571760846618748,-2.439108173570308,-7.587157865939539,-3.8899959724404014,-1.8728922826084955,22.0
-0.5267617316201361,-0.841560081969577,-1.355422048194856,-6.53185976055958,-0.5939980543949239,-2.467113149639582,-1.318626523407695,-1.1165292952830517,-2.4429494294600738,-7.834160375857331,-3.8895252988260838,-1.7621143662165413,18.5
-0.5267617316201361,-0.6948873603537962,-1.355422048194856,-7.242018100157142,0.44470905855499476,-2.4441016065064436,-1.569582819189505,-1.0495764398880727,-2.437010456694361,-8.49824947228686,-3.8916884259188955,-1.7861227248100824,25.1
-0.5267617316201361,-0.05736929313272884,-1.355422048194856,-8.911144599654339,-0.7520621802786059,-2.449464159344831,-1.5282033280903482,-1.1500485454103448,-2.4388411467475826,-8.24875185757309,-3.891361370837872,-1.6272755869961515,22.5
-0.5267617316201361,-0.05736929313272884,-1.355422048194856,-8.911144599654339,-0.7181912961606739,-2.474482374657869,-1.6793358686056263,-1.1500485454103448,-2.4388411467475826,-8.24875185757309,-3.8908530027042123,-1.6583753123267455,22.4
-0.5267617316201361,0.4262150266499943,-1.355422048194856,-14.350064615227627,0.5110395399526113,-2.5002480780820977,-1.2711207665217787,-1.1500485454103448,-2.438074142511842,-8.73224714287488,-3.8887932679370385,-1.8799329249182206,28.6
-0.5267617316201361,1.0332367854162956,-1.355422048194856,6.322466633885116,0.0015649913453830027,-2.4346914503049186,-1.9361417367403695,-0.9191851873139485,-2.425989865304441,-7.834160375857331,-3.8887932679370385,-1.6930913009186908,19.5
-0.4313391134552148,-0.7442623359472273,-1.355422048194856,-15.043075348848769,0.17233069877329005,-2.5190761171652793,-1.105311187859484,-1.0680072739401691,-2.4357821454917827,-8.129855860663861,-3.8953237230338047,-1.9902636269017873,24.8
-0.5267617316201361,-0.18806775793887026,-1.355422048194856,-1.052046008930928,-0.5502481624092609,-2.4878532448410002,-2.060807437762887,-1.089891660373551,-2.433075245192271,-8.104953163354258,-3.8887932679370385,-1.7003801465464143,24.5
-0.5267617316201361,1.0332367854162956,-1.355422048194856,3.334460187416015,-0.1508539871853122,-2.4594645752876514,-1.8640379493487196,-0.9191851873139485,-2.425989865304441,-7.834160375857331,-3.8887932679370385,-1.7072799242833492,21.4
-0.42928276846854974,-0.7108616171634358,-1.355422048194856,-14.810447925101752,0.9400707387797517,-2.512595329003143,-1.3364714547270875,-1.0680072739401691,-2.4358328122252373,-8.717381875391425,-3.891025306730358,-1.9324425249932875,33.1
-0.4286824566098374,-1.4137289167875737,-1.355422048194856,-15.27734494577642,0.24571761436214362,-2.4857854849904086,-0.9796972771946967,-1.3571760846618748,-2.43553228194622,-7.974604591778043,-3.8887932679370385,-1.889954571399533,22.9
-0.4318922064343581,-0.5845197678508324,-1.355422048194856,-11.404790660423942,-0.5587158834387442,-2.4646375606471707,-1.618639300345278,-1.1942540406316724,-2.443040994636454,-8.24875185757309,-3.8907174303097487,-1.6992757425775773,20.7
-0.4279785884051236,-1.3004569139555846,-1.355422048194856,-16.964399395563564,-0.21718446858292884,-2.4925486249218847,-1.2313733701866643,-1.2568719365574899,-2.4349084537957504,-8.902313219406947,-3.889885626154761,-1.8430584094737705,24.1
-0.5267617316201361,1.248163149764172,-1.355422048194856,0.30035808523352564,1.655593165771067,-2.4230212503378943,-2.2323486704508126,-1.1165292952830517,-2.4326176710654965,-8.902313219406947,-3.8961252520224487,-2.1075888451756706,50.0
-0.5267617316201361,-0.5917807936733958,-1.355422048194856,-13.116717494872631,-0.14803141350881693,-2.520537950574753,-1.3036830517685118,-1.1942540406316724,-2.442152461796356,-8.40017984075842,-3.889646853853099,-1.842760375026002,24.7
-0.5267617316201361,0.42185841115645634,-1.355422048194856,-3.636376620171407,0.4602332137757138,-2.4315892034114293,-1.7366640112863831,-1.1165292952830517,-2.4389073499686025,-8.671147202368289,-3.890226214239135,-1.782467714078245,28.7
-0.5267617316201361,1.0332367854162956,-1.355422048194856,5.349981043269076,0.038258449139809164,-2.4087543008584507,-2.434532786970129,-0.9191851873139485,-2.425989865304441,-7.834160375857331,-3.8887932679370385,-1.5958976161321319,7.2
-0.42829479835211953,-1.0956959857592965,-1.355422048194856,-14.350064615227627,0.8963208467940885,-2.509359398564636,-1.2058159231303094,-1.1165292952830517,-2.432805766734069,-8.841807252183553,-3.8951363187367476,-1.9227727762891649,37.0
-0.5267617316201361,-0.15757144948410381,-1.355422048194856,-4.109463837127526,-0.4853289678498906,-2.4438164838463083,-1.8231414423567638,-1.1500485454103448,-2.437181045618202,-8.293761316007464,-3.889025581171177,-1.775763636105117,20.3
-0.4318922064343581,-1.0187291120401243,-1.355422048194856,2.879823546115238,0.742490581425147,-2.4087543008584507,-2.214248174942673,-1.1165292952830517,-2.4397313901417736,-9.067828985742429,-3.8905167662919418,-1.859315670320592,30.1
-0.5267617316201361,-0.3521669415288032,-1.355422048194856,-6.097506767706618,-0.6560946752777989,-2.4139324481556175,-2.1719049778625803,-1.1165292952830517,-2.4333521894376164,-7.619592875615175,-3.8897888712327884,-1.6513688176711525,19.5
-0.4316039245210929,-0.7762108495665064,-1.355422048194856,-14.122281573125736,-0.4486355100554644,-2.5094474757577117,-1.1671159237728594,-1.1500485454103448,-2.441320203514376,-8.605551633687268,-3.8887932679370385,-1.8146831559633452,23.4
-0.5267617316201361,1.0332367854162956,-1.355422048194856,5.696912549839056,-1.3066979077097451,-2.4104877619257987,-2.35097923128025,-0.9191851873139485,-2.425989865304441,-7.834160375857331,-3.8887932679370385,-1.588963142142753,11.5
-0.5267617316201361,-0.5685455110411929,-1.355422048194856,-10.88888727204679,0.14833882252308891,-2.440661416008322,-1.4183095484781691,-1.2568719365574899,-2.4414010647349813,-8.420446940280565,-3.8887932679370385,-1.796097064067945,21.6
-0.5267617316201361,1.0332367854162956,-1.355422048194856,7.547981657237534,0.035435875463315135,-2.414399863908249,-2.187042598482354,-0.9191851873139485,-2.425989865304441,-7.834160375857331,-3.9040523059123955,-1.6312395947992233,14.9
-0.5267617316201361,2.4331625640065204,-1.355422048194856,0.5607752850780362,-1.216375550061926,-2.420118392982044,-2.303880962812192,-1.1500485454103448,-2.425249338055776,-7.863081442963164,-3.889427841817814,-1.6272755869961515,15.2
-0.5267617316201361,-0.5917807936733958,-1.355422048194856,-13.116717494872631,-1.007505098001344,-2.4639811816905666,-1.2544710144719928,-1.1942540406316724,-2.442152461796356,-8.40017984075842,-3.8887932679370385,-1.655649660540003,19.4
-0.5267617316201361,1.0332367854162956,-1.355422048194856,6.556763482175514,0.7170874183366982,-2.4441016065064436,-2.3172980568295527,-0.9191851873139485,-2.425989865304441,-7.834160375857331,-3.9040523059123955,-1.5653783943062258,8.4
-0.4306594857477831,-0.8894828523984956,-1.355422048194856,-15.631858893069762,0.5801925950267233,-2.4977846800139707,-1.3499621279680585,-1.1500485454103448,-2.438579935265618,-8.154378833486366,-3.8887932679370385,-1.9153511915845587,28.0
-0.5267617316201361,-0.05736929313272884,-1.355422048194856,-8.911144599654339,-0.599643201747912,-2.508649338939913,-1.6125244591426033,-1.1500485454103448,-2.4388411467475826,-8.24875185757309,-3.8887932679370385,-1.755185642356549,22.6
-0.5267617316201361,-0.41315955843833585,-1.355422048194856,-4.591895249152587,-0.3103293999072419,-2.4136205278134835,-1.6541797018726943,-1.1500485454103448,-2.437010456694361,-7.587157865939539,-3.9040523059123955,-1.5956332097333945,13.5
-0.5267617316201361,1.0332367854162956,-1.355422048194856,-1.1219380261000491,0.04531488333104487,-2.4301015405824593,-2.1955220723667512,-0.9191851873139485,-2.425989865304441,-7.834160375857331,-3.9040523059123955,-1.6334634368997574,14.5
-0.4318922064343581,-1.0187291120401243,-1.355422048194856,2.879823546115238,1.4269646979750252,-2.4173471468637966,-2.184073513749405,-1.1165292952830517,-2.4397313901417736,-9.067828985742429,-3.890006304796294,-1.7469054696357933,31.0
-0.5267617316201361,1.0332367854162956,-1.355422048194856,4.634046879879788,-0.16073299505304195,-2.440949650368412,-2.283301582622727,-0.9191851873139485,-2.425989865304441,-7.834160375857331,-3.9040523059123955,-1.6836917053610536,10.9
-0.5267617316201361,1.0332367854162956,-1.355422048194856,6.556763482175514,-1.9093173876412866,-2.422107054821658,-2.338474038002814,-0.9191851873139485,-2.425989865304441,-7.834160375857331,-3.9040523059123955,-1.6929112734174254,21.9
-0.5267617316201361,-1.1000526012528344,-1.355422048194856,-8.911144599654339,0.12575823311113415,-2.44778205022602,-1.8261287542900713,-1.2568719365574899,-2.4393123902610236,-8.420446940280565,-3.8899615156487863,-1.8209673602318674,22.0
-0.5267617316201361,-0.841560081969577,-1.355422048194856,-6.53185976055958,-0.46698223895267754,-2.4846228167337037,-1.4445103578743153,-1.1165292952830517,-2.4429494294600738,-7.834160375857331,-3.8887932679370385,-1.7812593603578613,19.0
-0.5267617316201361,1.0332367854162956,-1.355422048194856,0.8817487678548941,-0.12262825042036815,-2.427256708352798,-2.241439473361311,-0.9191851873139485,-2.425989865304441,-7.834160375857331,-3.8933638952122744,-1.7093615447774746,21.4
-0.4316039245210929,-0.7762108495665064,-1.355422048194856,-14.122281573125736,0.2753546379653341,-2.509710790449016,-1.1671159237728594,-1.1500485454103448,-2.441320203514376,-8.605551633687268,-3.8887932679370385,-1.91573687118689,25.0
-0.5267617316201361,-0.9577364951305917,-1.355422048194856,-13.783580098625185,-0.4260549206435097,-2.480957012180601,-1.046280669880527,-1.1942540406316724,-2.4347236127975753,-8.202301323908443,-3.8926137396491405,-1.7627934988320375,17.5
-0.4318922064343581,-1.0187291120401243,-1.355422048194856,2.879823546115238,1.2561989905471183,-2.421801809685313,-2.251275085483314,-1.1165292952830517,-2.4397313901417736,-9.067828985742429,-3.8918743016149575,-1.8237426523486788,36.5
-0.4298023841520817,-0.8793174162469068,-1.355422048194856,-15.395099902337263,-0.31174068674548955,-2.4598667903895106,-1.2232061849029614,-1.089891660373551,-2.437412533107678,-8.638924902732882,-3.8895913225205225,-1.723150185314893,20.1
-0.5267617316201361,-0.41315955843833585,-1.355422048194856,-4.591895249152587,-0.5177885651295764,-2.4642439769156397,-1.4628045581647655,-1.1500485454103448,-2.437010456694361,-7.587157865939539,-3.8887932679370385,-1.8193148464008713,20.4
-0.5267617316201361,-0.15757144948410381,-1.355422048194856,-4.109463837127526,-0.8621425536618857,-2.442386603062482,-1.612611771124655,-1.1500485454103448,-2.437181045618202,-8.293761316007464,-3.8889623281367993,-1.7415798903426136,16.2
-0.5267617316201361,-1.1000526012528344,-1.355422048194856,-8.911144599654339,0.9753529097359303,-2.4298032089445027,-1.7365097918480337,-1.2568719365574899,-2.4393123902610236,-8.420446940280565,-3.8887932679370385,-1.9073735301694374,23.6
-0.5267617316201361,1.0332367854162956,-1.355422048194856,5.696912549839056,-1.8570997746261413,-2.424994046195623,-2.466572721858975,-0.9191851873139485,-2.425989865304441,-7.834160375857331,-3.8887932679370385,-1.4805784191564932,7.4
-0.4318922064343581,-0.5845197678508324,-1.355422048194856,-11.404790660423942,1.9406731070969954,-2.476955581993377,-1.5259525663821931,-1.1942540406316724,-2.443040994636454,-8.24875185757309,-3.8909105059163447,-1.8696002852803888,35.2
-0.5267617316201361,1.248163149764172,-1.355422048194856,0.30035808523352564,2.0325831624378425,-2.414711164115924,-2.1985283246329974,-1.1165292952830517,-2.4326176710654965,-8.902313219406947,-3.897639055970524,-1.9847339766869532,50.0
-0.5267617316201361,-1.12474008904955,-1.355422048194856,-11.823944833802836,-0.6321027990275965,-2.5054332669641743,-1.3784431605446554,-1.1500485454103448,-2.4316602879614466,-8.588424809894796,-3.893645200271508,-1.775763636105117,19.3
-0.5267617316201361,-0.18806775793887026,-1.355422048194856,-1.052046008930928,-0.418998486452274,-2.459598725550745,-2.0504531828516672,-1.089891660373551,-2.433075245192271,-8.104953163354258,-3.8887932679370385,-1.7129907975459782,21.2
-0.5267617316201361,1.583622542766602,-1.355422048194856,1.5088899304846375,-0.7887556380730334,-2.411273257075603,-2.0744833869147215,-1.1500485454103448,-2.4314269306267824,-7.5209078088751475,-3.9040523059123955,-1.638411618444394,15.6
-0.4294019569537787,-1.2786738364878945,-1.355422048194856,-10.583562865010839,1.5582143739320122,-2.4505796825952055,-1.8240881410866387,-1.0680072739401691,-2.4431331874668127,-8.293761316007464,-3.8887932679370385,-1.873223599742452,33.4
-0.5267617316201361,1.0332367854162956,-1.355422048194856,-1.1920524774086636,-0.2849262368187931,-2.4393608992606515,-1.7052291775328245,-0.9191851873139485,-2.425989865304441,-7.834160375857331,-3.890260486461434,-1.675758856069341,19.1
-0.5267617316201361,-0.15757144948410381,-1.355422048194856,-4.109463837127526,-0.28633752365703946,-2.4681465738856394,-1.6002942417002095,-1.1500485454103448,-2.437181045618202,-8.293761316007464,-3.8890290929192384,-1.7166637171791792,21.0
-0.4298023841520817,-0.8793174162469068,-1.355422048194856,-15.395099902337263,0.10882279105216745,-2.5197655597446027,-1.1429002295527975,-1.089891660373551,-2.437412533107678,-8.638924902732882,-3.8960409721439415,-1.919232414385144,23.7
-0.4279785884051236,-1.0143724965465863,-1.355422048194856,-17.587526810516604,-0.6038770622626537,-2.4820307326404962,-1.1131241208360487,-1.1942540406316724,-2.430428705760053,-7.554264298355409,-3.8887932679370385,-1.6788388850160678,18.9
-0.5267617316201361,1.0332367854162956,-1.355422048194856,8.802029178195095,-0.7238364435136632,-2.425749897418003,-2.2632531366894644,-0.9191851873139485,-2.425989865304441,-7.834160375857331,-3.9020698957445714,-1.6816026083405267,16.8
-0.4316039245210929,-0.7762108495665064,-1.355422048194856,-14.122281573125736,-0.4980305493941156,-2.4842721051760996,-1.1671159237728594,-1.1500485454103448,-2.441320203514376,-8.605551633687268,-3.8892638269672317,-1.702972646370746,19.7
-0.5267617316201361,1.0332367854162956,-1.355422048194856,6.322466633885116,0.08483091480196632,-2.4266547685784547,-1.993031020942153,-0.9191851873139485,-2.425989865304441,-7.834160375857331,-3.89068687410686,-1.6814291515332207,17.7
-0.5267617316201361,-1.007111470724023,-1.355422048194856,-6.973488101790133,-0.6448043805718215,-2.4549940213649855,-1.9468987017176367,-1.1165292952830517,-2.43764877633781,-8.638924902732882,-3.8900716928969343,-1.7836810300667088,22.6
-0.5267617316201361,1.0332367854162956,-1.355422048194856,7.547981657237534,0.2019677223764805,-2.4168832871558203,-2.224574253383297,-0.9191851873139485,-2.425989865304441,-7.834160375857331,-3.9040523059123955,-1.550783663171757,11.8
-0.42829479835211953,-1.0956959857592965,-1.355422048194856,-14.350064615227627,1.2265619669439265,-2.4919994063169044,-1.4881934714207345,-1.1165292952830517,-2.432805766734069,-8.841807252183553,-3.8887932679370385,-1.9115236625729903,34.9
-0.5267617316201361,0.13722619891197052,-1.355422048194856,-1.9056195551116604,-0.27645851578930974,-2.4438164838463083,-2.097360263902347,-1.3571760846618748,-2.439108173570308,-7.587157865939539,-3.8887932679370385,-1.7976228437029427,20.6
-0.5267617316201361,1.0332367854162956,-1.355422048194856,6.322466633885116,0.2781772116418281,-2.4243881962943354,-1.9143270600633986,-0.9191851873139485,-2.425989865304441,-7.834160375857331,-3.8898683623197203,-1.7682830065847486,20.2
-0.42829479835211953,-1.0956959857592965,-1.355422048194856,-14.350064615227627,0.6578133711303172,-2.4895512909282074,-1.6475618524995315,-1.1165292952830517,-2.432805766734069,-8.841807252183553,-3.8898510924734095,-1.8663461236691385,32.0
-0.5267617316201361,1.248163149764172,-1.355422048194856,0.30035808523352564,0.12152437259639248,-2.41626392987628,-2.1073187795730246,-1.1165292952830517,-2.4326176710654965,-8.902313219406947,-3.9040523059123955,-1.7454047785800437,22.3
-0.4306594857477831,-0.8502733129566532,-1.355422048194856,-12.571527257827055,-0.24117634483313125,-2.502148407609163,-1.0646435482261012,-1.0495764398880727,-2.438387718378787,-7.974604591778043,-3.8909409210363193,-1.8605810665841216,23.3
-0.5267617316201361,-0.5917807936733958,-1.355422048194856,-13.116717494872631,-1.29399632616552,-2.416108934096064,-1.2832166650044434,-1.1942540406316724,-2.442152461796356,-8.40017984075842,-3.8887932679370385,-1.4805784191564932,14.4
-0.4279785884051236,-1.0463210101658653,-1.355422048194856,-9.393046941319428,0.7876517602490565,-2.5032277424959712,-1.2075365209691302,-1.1165292952830517,-2.4339298916532224,-8.459994095353073,-3.8918477929478414,-1.9428914375331987,31.2
-0.5267617316201361,-0.6948873603537962,-1.355422048194856,-7.242018100157142,-0.3244422682897133,-2.4646375606471707,-1.6795029095578422,-1.0495764398880727,-2.437010456694361,-8.49824947228686,-3.8954217016710766,-1.754964786565091,24.0
-0.4313391134552148,-0.7442623359472273,-1.355422048194856,-15.043075348848769,0.9047885678235719,-2.520363993514426,-0.9705468216685088,-1.0680072739401691,-2.4357821454917827,-8.129855860663861,-3.8924667946801064,-1.9933289238479315,29.6
-0.5267617316201361,-0.41315955843833585,-1.355422048194856,-4.591895249152587,-0.4952079757176216,-2.4254477520573685,-1.598064975839378,-1.1500485454103448,-2.437010456694361,-7.587157865939539,-3.8903118499411136,-1.6959861466522095,19.6
-0.5267617316201361,-0.15757144948410381,-1.355422048194856,-4.109463837127526,-0.07041063740522294,-2.434985346580304,-1.7784518453783296,-1.1500485454103448,-2.437181045618202,-8.293761316007464,-3.8900166349919614,-1.8293743545764856,21.6
-0.5267617316201361,1.0332367854162956,-1.355422048194856,6.322466633885116,-0.331498702480949,-2.4326265875289868,-1.9417182279453604,-0.9191851873139485,-2.425989865304441,-7.834160375857331,-3.8887932679370385,-1.6805633214649116,20.0
-0.5267617316201361,1.248163149764172,-1.355422048194856,0.30035808523352564,-0.09299122681717768,-2.42027174949749,-2.3150905686400303,-1.1165292952830517,-2.4326176710654965,-8.902313219406947,-3.9040523059123955,-1.9073735301694374,27.0
-0.4286824566098374,-0.6643910518990299,-1.355422048194856,-13.226896132592097,1.3422874876801956,-2.4803572084535435,-1.4488346576190998,-1.1500485454103448,-2.4404629855528834,-8.459994095353073,-3.8914216116571057,-1.8875026111786546,33.2
-0.5267617316201361,1.0332367854162956,-1.355422048194856,7.547981657237534,0.23866118017090793,-2.4087543008584507,-2.228910796705082,-0.9191851873139485,-2.425989865304441,-7.834160375857331,-3.892256995864305,-1.6159533939594424,15.4
-0.42829479835211953,-1.0956959857592965,-1.355422048194856,-14.350064615227627,0.5971280370856887,-2.500551109805731,-1.2058159231303094,-1.1165292952830517,-2.432805766734069,-8.841807252183553,-3.8912675110227557,-1.939504145766638,30.5
-0.5267617316201361,1.0332367854162956,-1.355422048194856,5.696912549839056,-1.4661733204316747,-2.4117438188091582,-2.522008958754279,-0.9191851873139485,-2.425989865304441,-7.834160375857331,-3.8887932679370385,-1.4805784191564932,7.2
-0.5267617316201361,0.4262150266499943,-1.355422048194856,-14.350064615227627,-0.26657950792158003,-2.512016881360155,-1.334859411928199,-1.1500485454103448,-2.438074142511842,-8.73224714287488,-3.8887932679370385,-1.8106567329992145,23.9
-0.5267617316201361,1.0332367854162956,-1.355422048194856,-0.23038767468164098,-1.6383503146978295,-2.4087543008584507,-2.4259085242559952,-0.9191851873139485,-2.425989865304441,-7.834160375857331,-3.9040523059123955,-1.5990875618243678,16.3
-0.4279785884051236,-1.0463210101658653,-1.355422048194856,-9.393046941319428,0.5364427030410601,-2.4712145442731446,-1.3021227257542713,-1.1165292952830517,-2.4339298916532224,-8.459994095353073,-3.8887932679370385,-1.8506118310912034,23.9
-0.4318922064343581,-1.0187291120401243,-1.355422048194856,2.879823546115238,2.0325831624378425,-2.428906622608399,-2.313788523687708,-1.1165292952830517,-2.4397313901417736,-9.067828985742429,-3.891270866344845,-1.921982092850666,50.0
-0.5267617316201361,-0.15757144948410381,-1.355422048194856,-4.109463837127526,0.4503542059079828,-2.4354256804687044,-1.7637595838478304,-1.1500485454103448,-2.437181045618202,-8.293761316007464,-3.8887932679370385,-1.9458902165020526,22.8
-0.5267617316201361,1.248163149764172,-1.355422048194856,12.32533279232556,-1.0145615321925796,-2.416728541791877,-2.4623149497277783,-1.1165292952830517,-2.4326176710654965,-8.902313219406947,-3.902373022271797,-1.58128845983663,15.4
-0.5267617316201361,1.583622542766602,-1.355422048194856,1.5088899304846375,0.20055643553823413,-2.4104877619257987,-2.1669284087711134,-1.1500485454103448,-2.4314269306267824,-7.5209078088751475,-3.8894452587520543,-1.7192025135201439,19.2
-0.5267617316201361,1.248163149764172,-1.355422048194856,12.32533279232556,-1.2869398919742843,-2.4087543008584507,-2.4246745497993416,-1.1165292952830517,-2.4326176710654965,-8.902313219406947,-3.9040523059123955,-1.7061504346586576,19.6
-0.5267617316201361,1.0332367854162956,-1.355422048194856,8.802029178195095,-0.2877488104952871,-2.4371808641933965,-2.0136711415210704,-0.9191851873139485,-2.425989865304441,-7.834160375857331,-3.89092064642419,-1.7178328402924476,22.6
-0.5267617316201361,-1.175567269807494,-1.355422048194856,-13.448406726333815,1.552569226579024,-2.4633227769759976,-1.7178458677338742,-1.2568719365574899,-2.4389073499686025,-8.379578828010125,-3.8887932679370385,-1.8826620193968506,33.2
-0.5267617316201361,1.0332367854162956,-1.355422048194856,4.0500776661960565,-0.6222237911598668,-2.4248426809989243,-2.7231704421757845,-0.9191851873139485,-2.425989865304441,-7.834160375857331,-3.9033641525249556,-1.8027669059993012,50.0
-0.5267617316201361,-0.9432144434854648,-1.355422048194856,-13.006921164962145,-0.2750472289510621,-2.4707066134496287,-1.6570007476310593,-1.1942540406316724,-2.441001762208243,-8.271434804427177,-3.889406933517036,-1.8144129881924578,22.2
-0.5267617316201361,1.0332367854162956,-1.355422048194856,6.322466633885116,-0.02101559806657175,-2.4336606753729684,-1.9202761252195801,-0.9191851873139485,-2.425989865304441,-7.834160375857331,-3.9040523059123955,-1.6551711153268995,14.9
-0.5267617316201361,-1.12474008904955,-1.355422048194856,-11.823944833802836,-0.24258763167137762,-2.4991275841190985,-1.2827305353230507,-1.1500485454103448,-2.4316602879614466,-8.588424809894796,-3.897849841219068,-1.797367995440068,19.8
-0.5267617316201361,-0.05736929313272884,-1.355422048194856,-8.911144599654339,-1.275649597268307,-2.5184892920668296,-1.6950294347024935,-1.1500485454103448,-2.4388411467475826,-8.24875185757309,-3.90310500872147,-1.4921740310467746,23.7
-0.5267617316201361,1.0332367854162956,-1.355422048194856,3.334460187416015,-0.5135547046148347,-2.4321823969986935,-1.892225212136896,-0.9191851873139485,-2.425989865304441,-7.834160375857331,-3.9040523059123955,-1.6408389240522563,19.0
-0.5267617316201361,2.12965168462337,-1.355422048194856,-1.3329520825904169,-0.44016778902598236,-2.433070172624004,-2.1337817577474567,-1.2568719365574899,-2.44669995386144,-8.129855860663861,-3.895139397637621,-1.68808984433103,20.3
-0.5267617316201361,0.13722619891197052,-1.355422048194856,-1.9056195551116604,-0.4034743312315549,-2.437909271377853,-2.015149019128879,-1.3571760846618748,-2.439108173570308,-7.587157865939539,-3.8887932679370385,-1.829943606735672,11.9
-0.5267617316201361,-0.41315955843833585,-1.355422048194856,-4.591895249152587,-1.0526662768252535,-2.4117438188091582,-1.6454372347862263,-1.1500485454103448,-2.437010456694361,-7.587157865939539,-3.895476714479345,-1.5867700863393788,13.6
-0.42829479835211953,-1.0956959857592965,-1.355422048194856,-14.350064615227627,0.3388625456864567,-2.502247169463034,-1.4881934714207345,-1.1165292952830517,-2.432805766734069,-8.841807252183553,-3.893517554084224,-1.9450300503563125,29.8
-0.5267617316201361,-0.025420779513449742,-1.355422048194856,-17.212319088073567,-0.5008531230706097,-2.512759074858605,-1.3671706643209462,-1.1500485454103448,-2.437123898361644,-8.104953163354258,-3.895363554363422,-1.777902003213241,21.7
-0.5267617316201361,-0.3521669415288032,-1.355422048194856,-6.097506767706618,-0.677263977851506,-2.4213434619309226,-2.128188750003434,-1.1165292952830517,-2.4333521894376164,-7.619592875615175,-3.8892253632577054,-1.618639899459292,19.5
-0.4318922064343581,-0.5845197678508324,-1.355422048194856,-11.404790660423942,-0.6490382410865632,-2.488421821608522,-1.5139466929290586,-1.1942540406316724,-2.443040994636454,-8.24875185757309,-3.8916218634203346,-1.7114574331379666,21.1
-0.4279785884051236,-1.30336132428461,-1.355422048194856,-14.57944889540629,0.4503542059079828,-2.5016526976243623,-1.017034189800977,-1.1500485454103448,-2.438644704416883,-8.570999910595635,-3.8908530027042123,-1.8896029758961306,24.5
-0.5267617316201361,1.0332367854162956,-1.355422048194856,7.547981657237534,0.44188648487849946,-2.4171925897318878,-2.164279584492745,-0.9191851873139485,-2.425989865304441,-7.834160375857331,-3.9040523059123955,-1.559060477000386,13.4
-0.5267617316201361,-0.3521669415288032,-1.355422048194856,-6.097506767706618,0.12575823311113415,-2.4311436052315862,-1.9426457176646212,-1.1165292952830517,-2.4333521894376164,-7.619592875615175,-3.9040523059123955,-1.7605357091499867,18.6
